Country,Year,Mean income or consumption per day
Albania,1996,7.9331574
Albania,2002,8.108229
Albania,2005,9.165975
Albania,2008,10.038169
Albania,2012,9.517231
Albania,2014,10.14131
Albania,2015,12.245265
Albania,2016,12.532007
Albania,2017,12.411219
Albania,2018,13.316507
Albania,2019,13.749831
Albania,2020,13.952189
Algeria,1988,7.1258817
Algeria,1995,7.1112137
Algeria,2011,9.225503
Angola,2000,7.3888545
Angola,2008,6.5260253
Angola,2018,5.482368
Argentina (urban),1980,32.47283
Argentina (urban),1986,35.170307
Argentina (urban),1987,32.147537
Argentina (urban),1991,22.812176
Argentina (urban),1992,23.006516
Argentina (urban),1993,23.054897
Argentina (urban),1994,22.777279
Argentina (urban),1995,21.637653
Argentina (urban),1996,21.197699
Argentina (urban),1997,22.210445
Argentina (urban),1998,21.566738
Argentina (urban),1999,20.558252
Argentina (urban),2000,20.108347
Argentina (urban),2001,18.51959
Argentina (urban),2002,13.00776
Argentina (urban),2003,18.388803
Argentina (urban),2004,19.821718
Argentina (urban),2005,21.803297
Argentina (urban),2006,24.171072
Argentina (urban),2007,24.932444
Argentina (urban),2008,25.51864
Argentina (urban),2009,26.410484
Argentina (urban),2010,27.218483
Argentina (urban),2011,28.951712
Argentina (urban),2012,28.692217
Argentina (urban),2013,28.715551
Argentina (urban),2014,26.782133
Argentina (urban),2016,27.789938
Argentina (urban),2017,29.094982
Argentina (urban),2018,26.221884
Argentina (urban),2019,25.535927
Argentina (urban),2020,22.276255
Argentina (urban),2021,24.203714
Argentina (urban),2022,22.85962
Armenia,1999,5.100736
Armenia,2001,4.8466773
Armenia,2002,5.084001
Armenia,2003,5.225257
Armenia,2004,6.4784
Armenia,2005,7.1383777
Armenia,2006,6.8902817
Armenia,2007,7.6751237
Armenia,2008,7.844795
Armenia,2009,6.9723577
Armenia,2010,7.1184015
Armenia,2011,7.2667
Armenia,2012,7.5278435
Armenia,2013,7.810947
Armenia,2014,8.011235
Armenia,2015,8.588196
Armenia,2016,9.041172
Armenia,2017,8.796435
Armenia,2018,8.794251
Armenia,2019,7.906314
Armenia,2020,7.4731045
Armenia,2021,7.779152
Armenia,2022,7.7123003
Australia,1981,38.338467
Australia,1985,39.615078
Australia,1989,40.713593
Australia,1995,37.489822
Australia,2001,43.192814
Australia,2003,44.543797
Australia,2004,48.480213
Australia,2008,61.296535
Australia,2010,61.075916
Australia,2014,65.292336
Australia,2016,63.784374
Australia,2018,64.61022
Austria,1994,52.79821
Austria,1995,51.675167
Austria,1996,49.57932
Austria,1997,49.529774
Austria,1998,51.93569
Austria,1999,53.480297
Austria,2000,51.975815
Austria,2003,55.164536
Austria,2004,58.21563
Austria,2005,55.638947
Austria,2006,56.96012
Austria,2007,59.324867
Austria,2008,60.316887
Austria,2009,62.461697
Austria,2010,63.09282
Austria,2011,61.909695
Austria,2012,60.494465
Austria,2013,63.458126
Austria,2014,62.47988
Austria,2015,62.24662
Austria,2016,65.066216
Austria,2017,64.19513
Austria,2018,64.86804
Austria,2019,66.168755
Austria,2020,66.34054
Austria,2021,66.21759
Azerbaijan,1995,5.290873
Azerbaijan,2001,6.4593534
Azerbaijan,2002,8.152217
Azerbaijan,2003,8.493119
Azerbaijan,2004,8.740162
Azerbaijan,2005,9.718767
Bangladesh,1983,2.7506218
Bangladesh,1985,3.0364108
Bangladesh,1988,2.7881467
Bangladesh,1991,2.7258127
Bangladesh,1995,3.3093135
Bangladesh,2000,3.4174178
Bangladesh,2005,3.8145173
Bangladesh,2010,4.0828533
Bangladesh,2016,4.47471
Bangladesh,2022,5.9798064
Belarus,1998,3.944828
Belarus,1999,4.185409
Belarus,2000,4.6459813
Belarus,2001,5.7673903
Belarus,2002,6.3353014
Belarus,2003,6.5367026
Belarus,2004,7.34113
Belarus,2005,9.028547
Belarus,2006,10.4393
Belarus,2007,11.997122
Belarus,2008,12.46643
Belarus,2009,12.590504
Belarus,2010,14.204151
Belarus,2011,14.550512
Belarus,2012,16.294647
Belarus,2013,18.165651
Belarus,2014,18.918251
Belarus,2015,16.946398
Belarus,2016,16.280432
Belarus,2017,16.718977
Belarus,2018,18.15194
Belarus,2019,19.132462
Belarus,2020,19.265026
Belgium,1985,34.180084
Belgium,1988,35.942684
Belgium,1992,38.676903
Belgium,1995,46.34777
Belgium,1997,45.573063
Belgium,2000,54.685455
Belgium,2003,49.018616
Belgium,2004,52.893402
Belgium,2005,52.83301
Belgium,2006,51.93842
Belgium,2007,53.44771
Belgium,2008,54.16466
Belgium,2009,54.72577
Belgium,2010,54.32192
Belgium,2011,52.998295
Belgium,2012,54.504276
Belgium,2013,54.390823
Belgium,2014,55.043076
Belgium,2015,55.694553
Belgium,2016,55.09254
Belgium,2017,55.701817
Belgium,2018,57.007977
Belgium,2019,58.986626
Belgium,2020,58.74784
Belgium,2021,61.072617
Belize,1993,10.531442
Belize,1994,10.239013
Belize,1996,8.231877
Belize,1997,8.508769
Belize,1998,7.7496967
Belize,1999,7.7687764
Benin,2003,2.758241
Benin,2011,2.9957654
Benin,2015,3.0064476
Benin,2018,4.658511
Benin,2021,5.017792
Bhutan,2003,5.9865766
Bhutan,2007,7.2404475
Bhutan,2012,9.905168
Bhutan,2017,10.762673
Bhutan,2022,15.7596245
Bolivia,1997,13.520971
Bolivia,1999,11.8410015
Bolivia,2000,11.057304
Bolivia,2001,11.465794
Bolivia,2002,11.46003
Bolivia,2004,13.182738
Bolivia,2005,14.023923
Bolivia,2006,14.9389
Bolivia,2007,14.881639
Bolivia,2008,15.605239
Bolivia,2009,16.496534
Bolivia,2011,18.12243
Bolivia,2012,18.54887
Bolivia,2013,20.447706
Bolivia,2014,20.56056
Bolivia,2015,19.820877
Bolivia,2016,18.885078
Bolivia,2017,19.080938
Bolivia,2018,18.747072
Bolivia,2019,19.607735
Bolivia,2020,19.594318
Bolivia,2021,19.54969
Bolivia (urban),1990,11.045098
Bolivia (urban),1992,9.353441
Bosnia and Herzegovina,2001,13.474115
Bosnia and Herzegovina,2004,20.385946
Bosnia and Herzegovina,2007,22.214685
Bosnia and Herzegovina,2011,21.184618
Botswana,1985,4.643042
Botswana,1993,6.498623
Botswana,2002,9.55853
Botswana,2009,11.009779
Botswana,2015,8.821087
Brazil,1981,8.447655
Brazil,1982,8.608596
Brazil,1983,7.270498
Brazil,1984,7.224505
Brazil,1985,7.622487
Brazil,1986,13.62969
Brazil,1987,10.703217
Brazil,1988,10.552674
Brazil,1989,12.251145
Brazil,1990,9.607165
Brazil,1992,7.6511307
Brazil,1993,9.6237545
Brazil,1995,12.899654
Brazil,1996,12.970345
Brazil,1997,12.820128
Brazil,1998,13.21052
Brazil,1999,12.388887
Brazil,2001,13.8752165
Brazil,2002,14.088486
Brazil,2003,13.400686
Brazil,2004,13.467957
Brazil,2005,14.148528
Brazil,2006,15.198067
Brazil,2007,15.715808
Brazil,2008,16.558737
Brazil,2009,17.0667
Brazil,2011,18.372688
Brazil,2012,19.707613
Brazil,2013,20.544641
Brazil,2014,20.97526
Brazil,2015,20.34772
Brazil,2016,20.337008
Brazil,2017,20.304615
Brazil,2018,21.01108
Brazil,2019,21.11335
Brazil,2020,21.03497
Brazil,2021,19.17628
Brazil,2022,21.333267
Bulgaria,1992,21.488544
Bulgaria,2006,11.190164
Bulgaria,2007,15.83701
Bulgaria,2008,17.413187
Bulgaria,2009,18.17088
Bulgaria,2010,17.400639
Bulgaria,2011,16.123262
Bulgaria,2012,16.949791
Bulgaria,2013,18.92707
Bulgaria,2014,20.17352
Bulgaria,2015,19.254196
Bulgaria,2016,23.008642
Bulgaria,2017,22.896042
Bulgaria,2018,26.549583
Bulgaria,2019,27.429482
Bulgaria,2020,30.879648
Bulgaria,2021,30.462898
Burkina Faso,1994,1.5960886
Burkina Faso,1998,1.9286455
Burkina Faso,2003,2.8071432
Burkina Faso,2009,2.8374305
Burkina Faso,2014,3.2779927
Burkina Faso,2018,4.284381
Burkina Faso,2021,4.1366935
Burundi,1992,1.8034868
Burundi,1998,1.6570799
Burundi,2006,2.0097106
Burundi,2013,2.2902892
Burundi,2020,2.3413308
Cameroon,1996,3.3051465
Cameroon,2001,4.6779995
Cameroon,2007,4.4199452
Cameroon,2014,5.7529325
Cameroon,2021,5.373378
Canada,1971,32.204292
Canada,1973,36.154972
Canada,1975,40.33508
Canada,1977,42.65392
Canada,1979,44.2534
Canada,1981,46.470512
Canada,1982,45.547997
Canada,1984,45.622944
Canada,1985,46.8546
Canada,1986,46.33519
Canada,1987,47.33368
Canada,1988,48.495506
Canada,1989,49.22273
Canada,1990,48.96923
Canada,1991,47.398983
Canada,1992,47.913967
Canada,1993,46.44837
Canada,1994,47.43763
Canada,1995,47.31085
Canada,1996,45.49262
Canada,1997,46.229836
Canada,1998,47.90685
Canada,1999,49.120377
Canada,2000,50.680656
Canada,2001,52.60716
Canada,2002,53.05956
Canada,2003,53.136894
Canada,2004,54.325954
Canada,2005,55.64778
Canada,2006,57.229618
Canada,2007,59.492874
Canada,2008,60.542507
Canada,2009,60.82538
Canada,2010,60.810352
Canada,2011,61.146698
Canada,2012,61.781475
Canada,2013,62.970146
Canada,2014,63.24268
Canada,2015,63.739998
Canada,2016,63.1935
Canada,2017,65.49503
Canada,2018,65.73783
Canada,2019,65.73275
Cape Verde,2001,7.3960485
Cape Verde,2007,8.257052
Cape Verde,2015,9.503321
Central African Republic,1992,1.4880038
Central African Republic,2008,3.039691
Central African Republic,2021,2.2409563
Chad,2003,2.510003
Chad,2011,3.811323
Chad,2018,3.813032
Chad,2022,3.8843224
Chile,1987,9.772547
Chile,1990,11.67124
Chile,1992,12.439041
Chile,1994,13.955816
Chile,1996,15.109369
Chile,1998,16.203283
Chile,2000,13.956745
Chile,2003,13.743194
Chile,2006,15.891634
Chile,2009,17.158487
Chile,2011,18.389282
Chile,2013,22.47973
Chile,2015,23.584177
Chile,2017,25.76108
Chile,2020,25.850664
Chile,2022,28.677658
China,1981,1.1785375
China,1984,1.5651827
China,1987,1.9211055
China,1990,1.8986627
China,1993,2.1433537
China,1996,2.8028994
China,1999,3.0812654
China,2002,3.91113
China,2005,5.0867834
China,2008,6.2643266
China,2010,7.3611865
China,2011,7.8970137
China,2012,8.626949
China,2013,9.704089
China,2014,10.45436
China,2015,11.190932
China,2016,11.928446
China,2017,12.597817
China,2018,13.398591
China,2019,14.174433
China,2020,13.622097
China,2021,15.361642
China (rural),1981,0.9969742
China (rural),1984,1.3905841
China (rural),1987,1.6902701
China (rural),1990,1.6154871
China (rural),1993,1.6496274
China (rural),1996,2.283252
China (rural),1999,2.2928724
China (rural),2002,2.6574347
China (rural),2005,3.4020488
China (rural),2008,3.9276116
China (rural),2010,4.4658976
China (rural),2011,4.826091
China (rural),2012,5.327397
China (rural),2013,6.413087
China (rural),2014,7.017867
China (rural),2015,7.5723677
China (rural),2016,8.043923
China (rural),2017,8.587985
China (rural),2018,9.309295
China (rural),2019,9.915923
China (rural),2020,9.904616
China (rural),2021,11.414412
China (urban),1981,1.8994659
China (urban),1984,2.1769583
China (urban),1987,2.641816
China (urban),1990,2.686418
China (urban),1993,3.3461063
China (urban),1996,3.9114242
China (urban),1999,4.5541463
China (urban),2002,5.920142
China (urban),2005,7.3640795
China (urban),2008,8.948594
China (urban),2010,10.347523
China (urban),2011,10.905802
China (urban),2012,11.701495
China (urban),2013,12.621002
China (urban),2014,13.351366
China (urban),2015,14.092303
China (urban),2016,14.890585
China (urban),2017,15.506261
China (urban),2018,16.222494
China (urban),2019,16.977192
China (urban),2020,15.956385
China (urban),2021,17.728767
Colombia,1992,10.359422
Colombia,1996,9.402234
Colombia,1999,8.99564
Colombia,2000,10.037854
Colombia,2001,8.356694
Colombia,2002,10.532061
Colombia,2003,9.990416
Colombia,2004,10.59377
Colombia,2005,11.169076
Colombia,2008,12.636717
Colombia,2009,12.745204
Colombia,2010,13.765851
Colombia,2011,14.28315
Colombia,2012,14.482808
Colombia,2013,15.2067995
Colombia,2014,15.922884
Colombia,2015,15.590788
Colombia,2016,15.3627405
Colombia,2017,15.247803
Colombia,2018,15.506453
Colombia,2019,15.54336
Colombia,2020,13.630407
Colombia,2021,15.929412
Colombia,2022,17.310335
Colombia (urban),1980,9.070538
Colombia (urban),1988,10.337215
Colombia (urban),1989,10.117169
Colombia (urban),1991,10.4527
Comoros,2004,8.687238
Comoros,2014,6.424022
Congo,2005,3.3899605
Congo,2011,4.5915446
Costa Rica,1981,5.9400826
Costa Rica,1986,6.152516
Costa Rica,1989,9.910886
Costa Rica,1990,10.224571
Costa Rica,1991,9.378555
Costa Rica,1992,9.963575
Costa Rica,1993,11.543689
Costa Rica,1994,13.037514
Costa Rica,1995,12.43897
Costa Rica,1996,11.786707
Costa Rica,1997,12.43409
Costa Rica,1998,13.972577
Costa Rica,1999,13.612055
Costa Rica,2000,13.498743
Costa Rica,2001,18.396034
Costa Rica,2002,18.695719
Costa Rica,2003,18.324339
Costa Rica,2004,17.129143
Costa Rica,2005,17.804567
Costa Rica,2006,18.53163
Costa Rica,2007,20.63229
Costa Rica,2008,20.778145
Costa Rica,2009,22.712322
Costa Rica,2010,23.181793
Costa Rica,2011,23.912569
Costa Rica,2012,24.699226
Costa Rica,2013,25.45751
Costa Rica,2014,24.877064
Costa Rica,2015,24.893541
Costa Rica,2016,25.84554
Costa Rica,2017,26.257145
Costa Rica,2018,25.645035
Costa Rica,2019,25.531116
Costa Rica,2020,22.147854
Costa Rica,2021,25.184002
Costa Rica,2022,24.4642
Costa Rica,2023,26.078062
Cote d'Ivoire,1985,8.979276
Cote d'Ivoire,1986,7.44324
Cote d'Ivoire,1987,6.8028293
Cote d'Ivoire,1988,5.3753567
Cote d'Ivoire,1992,4.3340244
Cote d'Ivoire,1995,4.503448
Cote d'Ivoire,1998,3.9124787
Cote d'Ivoire,2008,3.99201
Cote d'Ivoire,2015,3.92981
Cote d'Ivoire,2018,5.6598806
Cote d'Ivoire,2021,5.5384183
Croatia,1988,23.317488
Croatia,2009,24.400095
Croatia,2010,22.577873
Croatia,2011,21.770372
Croatia,2012,20.694519
Croatia,2013,20.38243
Croatia,2014,21.510662
Croatia,2015,22.448154
Croatia,2016,24.248558
Croatia,2017,25.51113
Croatia,2018,27.394852
Croatia,2019,29.081753
Croatia,2020,30.291988
Croatia,2021,32.16501
Cyprus,2004,44.92366
Cyprus,2005,47.965813
Cyprus,2006,52.688217
Cyprus,2007,52.78881
Cyprus,2008,52.38209
Cyprus,2009,51.81145
Cyprus,2010,52.62475
Cyprus,2011,52.38263
Cyprus,2012,49.471622
Cyprus,2013,47.481747
Cyprus,2014,44.252693
Cyprus,2015,45.0893
Cyprus,2016,46.596863
Cyprus,2017,47.56427
Cyprus,2018,51.21253
Cyprus,2019,51.574947
Cyprus,2020,52.928314
Cyprus,2021,54.307705
Czechia,1992,18.431473
Czechia,1993,19.970184
Czechia,1996,22.608212
Czechia,2002,24.971949
Czechia,2004,26.875917
Czechia,2005,27.595207
Czechia,2006,29.11703
Czechia,2007,30.656502
Czechia,2008,31.410524
Czechia,2009,31.865326
Czechia,2010,31.808458
Czechia,2011,31.774607
Czechia,2012,31.239351
Czechia,2013,31.44628
Czechia,2014,32.180218
Czechia,2015,33.508007
Czechia,2016,34.751205
Czechia,2017,35.919323
Czechia,2018,37.61909
Czechia,2019,39.36649
Czechia,2020,40.036655
Czechia,2021,42.228745
Democratic Republic of Congo,2004,1.0079925
Democratic Republic of Congo,2012,2.0312834
Democratic Republic of Congo,2020,1.748655
Denmark,1987,48.365986
Denmark,1992,47.543205
Denmark,1995,49.27404
Denmark,2000,52.6258
Denmark,2003,51.409317
Denmark,2004,52.310085
Denmark,2005,52.912376
Denmark,2006,54.57902
Denmark,2007,55.58182
Denmark,2008,54.998795
Denmark,2009,55.802887
Denmark,2010,58.569775
Denmark,2011,57.63594
Denmark,2012,57.292477
Denmark,2013,58.68839
Denmark,2014,59.092346
Denmark,2015,59.66403
Denmark,2016,60.667915
Denmark,2017,62.136517
Denmark,2018,62.740067
Denmark,2019,62.736526
Denmark,2020,64.51884
Denmark,2021,66.15213
Djibouti,2002,4.7274795
Djibouti,2012,5.810293
Djibouti,2013,5.1888084
Djibouti,2017,5.4438896
Dominican Republic,1986,13.201919
Dominican Republic,1989,7.840151
Dominican Republic,1992,10.627878
Dominican Republic,1996,11.834095
Dominican Republic,1997,12.960933
Dominican Republic,2000,13.944236
Dominican Republic,2001,13.393625
Dominican Republic,2002,13.004558
Dominican Republic,2003,11.595835
Dominican Republic,2004,9.877205
Dominican Republic,2005,11.402941
Dominican Republic,2006,12.99912
Dominican Republic,2007,11.89751
Dominican Republic,2008,11.480522
Dominican Republic,2009,12.406527
Dominican Republic,2010,12.230546
Dominican Republic,2011,12.691669
Dominican Republic,2012,12.1349125
Dominican Republic,2013,12.818438
Dominican Republic,2014,13.289094
Dominican Republic,2015,14.589276
Dominican Republic,2016,15.6293545
Dominican Republic,2017,14.788476
Dominican Republic,2018,16.23288
Dominican Republic,2019,16.469437
Dominican Republic,2020,14.529698
Dominican Republic,2021,14.043667
Dominican Republic,2022,14.373108
East Asia and Pacific (PIP),1990,2.398327
East Asia and Pacific (PIP),1991,2.4760158
East Asia and Pacific (PIP),1992,2.5784512
East Asia and Pacific (PIP),1993,2.6726232
East Asia and Pacific (PIP),1994,2.8866134
East Asia and Pacific (PIP),1995,3.106338
East Asia and Pacific (PIP),1996,3.3499086
East Asia and Pacific (PIP),1997,3.4335122
East Asia and Pacific (PIP),1998,3.405014
East Asia and Pacific (PIP),1999,3.5488234
East Asia and Pacific (PIP),2000,3.7400675
East Asia and Pacific (PIP),2001,3.9665272
East Asia and Pacific (PIP),2002,4.2997622
East Asia and Pacific (PIP),2003,4.601096
East Asia and Pacific (PIP),2004,4.9274135
East Asia and Pacific (PIP),2005,5.31828
East Asia and Pacific (PIP),2006,5.6109467
East Asia and Pacific (PIP),2007,6.013556
East Asia and Pacific (PIP),2008,6.3316374
East Asia and Pacific (PIP),2009,6.777552
East Asia and Pacific (PIP),2010,7.410708
East Asia and Pacific (PIP),2011,7.898562
East Asia and Pacific (PIP),2012,8.513021
East Asia and Pacific (PIP),2013,9.34147
East Asia and Pacific (PIP),2014,9.918127
East Asia and Pacific (PIP),2015,10.534884
East Asia and Pacific (PIP),2016,11.140155
East Asia and Pacific (PIP),2017,11.748966
East Asia and Pacific (PIP),2018,12.359458
East Asia and Pacific (PIP),2019,12.989983
East Asia and Pacific (PIP),2020,12.587278
East Asia and Pacific (PIP),2021,13.744016
East Asia and Pacific (PIP),2022,13.9115505
East Asia and Pacific (PIP),2023,14.401274
East Asia and Pacific (PIP),2024,14.895305
East Timor,2001,3.1812658
East Timor,2007,2.7968318
East Timor,2014,3.4258578
Eastern and Southern Africa (PIP),1990,3.9316666
Eastern and Southern Africa (PIP),1991,3.8478792
Eastern and Southern Africa (PIP),1992,3.7241485
Eastern and Southern Africa (PIP),1993,3.491393
Eastern and Southern Africa (PIP),1994,3.4216702
Eastern and Southern Africa (PIP),1995,3.4909627
Eastern and Southern Africa (PIP),1996,3.545529
Eastern and Southern Africa (PIP),1997,3.5349503
Eastern and Southern Africa (PIP),1998,3.4788446
Eastern and Southern Africa (PIP),1999,3.4104507
Eastern and Southern Africa (PIP),2000,3.3635516
Eastern and Southern Africa (PIP),2001,3.3481245
Eastern and Southern Africa (PIP),2002,3.367293
Eastern and Southern Africa (PIP),2003,3.395684
Eastern and Southern Africa (PIP),2004,3.6039133
Eastern and Southern Africa (PIP),2005,3.7884352
Eastern and Southern Africa (PIP),2006,4.025001
Eastern and Southern Africa (PIP),2007,4.0818105
Eastern and Southern Africa (PIP),2008,4.1628594
Eastern and Southern Africa (PIP),2009,4.154114
Eastern and Southern Africa (PIP),2010,4.2732835
Eastern and Southern Africa (PIP),2011,4.3279996
Eastern and Southern Africa (PIP),2012,4.34053
Eastern and Southern Africa (PIP),2013,4.3451586
Eastern and Southern Africa (PIP),2014,4.3336473
Eastern and Southern Africa (PIP),2015,4.3345375
Eastern and Southern Africa (PIP),2016,4.2870874
Eastern and Southern Africa (PIP),2017,4.2438207
Eastern and Southern Africa (PIP),2018,4.2280207
Eastern and Southern Africa (PIP),2019,4.1948647
Eastern and Southern Africa (PIP),2020,4.037298
Eastern and Southern Africa (PIP),2021,4.0905294
Eastern and Southern Africa (PIP),2022,4.137958
Eastern and Southern Africa (PIP),2023,4.134745
Eastern and Southern Africa (PIP),2024,4.169551
Ecuador,1994,8.310546
Ecuador,1999,8.514029
Ecuador,2000,6.555021
Ecuador,2003,9.748455
Ecuador,2004,9.577076
Ecuador,2005,11.362956
Ecuador,2006,12.505097
Ecuador,2007,13.179065
Ecuador,2008,12.596395
Ecuador,2009,12.13759
Ecuador,2010,13.433344
Ecuador,2011,13.876097
Ecuador,2012,14.783646
Ecuador,2013,15.299075
Ecuador,2014,15.4712925
Ecuador,2015,15.580492
Ecuador,2016,15.259186
Ecuador,2017,15.69506
Ecuador,2018,15.658636
Ecuador,2019,15.380375
Ecuador,2020,13.677197
Ecuador,2021,14.683516
Ecuador,2022,15.203012
Ecuador,2023,14.919804
Ecuador (urban),1987,8.394393
Ecuador (urban),1995,8.222526
Ecuador (urban),1998,7.795844
Egypt,1990,5.539277
Egypt,1995,5.3630614
Egypt,1999,6.469968
Egypt,2004,5.864025
Egypt,2008,5.899007
Egypt,2010,6.5465035
Egypt,2012,6.689095
Egypt,2015,7.2488804
Egypt,2017,6.300635
Egypt,2019,6.7584195
El Salvador,1989,7.926115
El Salvador,1991,7.718131
El Salvador,1995,8.88735
El Salvador,1996,8.860215
El Salvador,1998,9.001979
El Salvador,1999,9.397496
El Salvador,2000,10.629801
El Salvador,2001,10.17687
El Salvador,2002,10.263898
El Salvador,2003,9.499163
El Salvador,2004,9.770071
El Salvador,2005,9.939193
El Salvador,2006,9.909886
El Salvador,2007,10.605003
El Salvador,2008,10.229624
El Salvador,2009,9.877307
El Salvador,2010,9.777096
El Salvador,2011,9.54518
El Salvador,2012,9.877459
El Salvador,2013,10.895281
El Salvador,2014,10.633109
El Salvador,2015,10.9405155
El Salvador,2016,11.026741
El Salvador,2017,11.070998
El Salvador,2018,11.906972
El Salvador,2019,12.951726
El Salvador,2021,13.018803
El Salvador,2022,13.103043
Estonia,1993,12.440408
Estonia,2003,15.690117
Estonia,2004,17.06424
Estonia,2005,19.753899
Estonia,2006,23.002056
Estonia,2007,25.883457
Estonia,2008,26.773428
Estonia,2009,25.207804
Estonia,2010,23.69584
Estonia,2011,24.56121
Estonia,2012,25.974817
Estonia,2013,28.290504
Estonia,2014,30.564686
Estonia,2015,32.68083
Estonia,2016,34.755886
Estonia,2017,36.74752
Estonia,2018,38.946083
Estonia,2019,41.007355
Estonia,2020,42.843277
Estonia,2021,48.529865
Eswatini,1994,1.4797581
Eswatini,2000,3.5263317
Eswatini,2009,3.7298276
Eswatini,2016,5.6323137
Ethiopia,1995,2.3790646
Ethiopia,1999,2.3387635
Ethiopia,2004,3.122983
Ethiopia,2010,3.3834558
Ethiopia,2015,3.7389858
Ethiopia (rural),1981,1.9765586
Europe and Central Asia (PIP),1990,13.609778
Europe and Central Asia (PIP),1991,12.697949
Europe and Central Asia (PIP),1992,11.713518
Europe and Central Asia (PIP),1993,10.4896555
Europe and Central Asia (PIP),1994,10.027523
Europe and Central Asia (PIP),1995,10.875136
Europe and Central Asia (PIP),1996,10.410378
Europe and Central Asia (PIP),1997,10.296461
Europe and Central Asia (PIP),1998,10.35082
Europe and Central Asia (PIP),1999,9.012698
Europe and Central Asia (PIP),2000,9.53217
Europe and Central Asia (PIP),2001,10.033281
Europe and Central Asia (PIP),2002,10.685276
Europe and Central Asia (PIP),2003,11.352695
Europe and Central Asia (PIP),2004,12.391259
Europe and Central Asia (PIP),2005,13.18851
Europe and Central Asia (PIP),2006,14.055518
Europe and Central Asia (PIP),2007,15.405724
Europe and Central Asia (PIP),2008,16.831345
Europe and Central Asia (PIP),2009,16.398134
Europe and Central Asia (PIP),2010,17.075611
Europe and Central Asia (PIP),2011,17.659678
Europe and Central Asia (PIP),2012,18.240316
Europe and Central Asia (PIP),2013,18.788786
Europe and Central Asia (PIP),2014,18.951023
Europe and Central Asia (PIP),2015,18.421947
Europe and Central Asia (PIP),2016,18.57995
Europe and Central Asia (PIP),2017,19.178642
Europe and Central Asia (PIP),2018,19.591993
Europe and Central Asia (PIP),2019,20.222342
Europe and Central Asia (PIP),2020,21.692928
Europe and Central Asia (PIP),2021,25.658028
Europe and Central Asia (PIP),2022,26.766968
Europe and Central Asia (PIP),2023,27.22514
Europe and Central Asia (PIP),2024,27.944883
Fiji,2002,9.828248
Fiji,2008,10.984359
Fiji,2013,10.722516
Fiji,2019,7.907095
Finland,1987,35.586945
Finland,1991,40.041775
Finland,1995,37.219864
Finland,2000,43.182106
Finland,2003,45.78535
Finland,2004,47.995358
Finland,2005,49.62126
Finland,2006,50.392216
Finland,2007,52.25897
Finland,2008,52.854244
Finland,2009,53.891563
Finland,2010,54.704113
Finland,2011,55.01636
Finland,2012,55.148186
Finland,2013,54.931805
Finland,2014,54.647633
Finland,2015,55.147476
Finland,2016,55.773884
Finland,2017,56.93842
Finland,2018,57.834045
Finland,2019,58.84801
Finland,2020,58.823376
Finland,2021,60.033245
France,1970,25.941082
France,1975,32.63915
France,1979,37.142925
France,1984,39.217083
France,1990,41.705
France,1996,44.55158
France,1997,44.84335
France,1998,45.99412
France,1999,47.26568
France,2000,48.41295
France,2001,49.683258
France,2002,50.920994
France,2003,47.271973
France,2004,48.042023
France,2005,47.454437
France,2006,46.81375
France,2007,56.86455
France,2008,57.364727
France,2009,57.855106
France,2010,58.104736
France,2011,58.40797
France,2012,57.900997
France,2013,57.33948
France,2014,57.990063
France,2015,58.738297
France,2016,58.948147
France,2017,58.613716
France,2018,59.58234
France,2019,56.188965
France,2020,57.39693
France,2021,57.554474
Gabon,2005,8.769626
Gabon,2017,12.336923
Gambia,1998,1.9332256
Gambia,2003,3.305851
Gambia,2010,4.421393
Gambia,2015,5.0999484
Gambia,2020,5.0846157
Georgia,1996,8.194231
Georgia,1997,5.607749
Georgia,1998,5.755371
Georgia,1999,4.970647
Georgia,2000,4.7884564
Georgia,2001,4.5782585
Georgia,2002,5.8403254
Georgia,2003,5.7797666
Georgia,2004,5.9793987
Georgia,2005,5.899945
Georgia,2006,5.790582
Georgia,2007,5.7106843
Georgia,2008,6.1721187
Georgia,2009,6.1180396
Georgia,2010,6.0812464
Georgia,2011,6.3029094
Georgia,2012,6.764458
Georgia,2013,7.4254856
Georgia,2014,7.756351
Georgia,2015,7.8262553
Georgia,2016,7.8907957
Georgia,2017,8.134324
Georgia,2018,7.967622
Georgia,2019,7.974506
Georgia,2020,7.2556973
Georgia,2021,7.5467668
Georgia,2022,8.370008
Germany,1991,51.264774
Germany,1992,52.022896
Germany,1993,52.220913
Germany,1994,51.06248
Germany,1995,51.624794
Germany,1996,52.191185
Germany,1997,51.387905
Germany,1998,53.081608
Germany,1999,54.63131
Germany,2000,55.527527
Germany,2001,55.530117
Germany,2002,56.51181
Germany,2003,56.089336
Germany,2004,56.57429
Germany,2005,56.682533
Germany,2006,57.20012
Germany,2007,57.797535
Germany,2008,57.431767
Germany,2009,57.861122
Germany,2010,58.08622
Germany,2011,58.450066
Germany,2012,58.35755
Germany,2013,58.87264
Germany,2014,58.79168
Germany,2015,61.06729
Germany,2016,62.285748
Germany,2017,62.482586
Germany,2018,64.728325
Germany,2019,65.79202
Germany,2020,70.3276
Ghana,1987,2.3365078
Ghana,1988,2.3994758
Ghana,1991,2.231081
Ghana,1998,2.6497896
Ghana,2005,3.4015133
Ghana,2012,4.842373
Ghana,2016,5.0895042
Greece,1995,28.225193
Greece,2000,31.39113
Greece,2003,36.23564
Greece,2004,38.190083
Greece,2005,38.608532
Greece,2006,38.96369
Greece,2007,40.096874
Greece,2008,40.741028
Greece,2009,41.359604
Greece,2010,35.857105
Greece,2011,29.753595
Greece,2012,25.828173
Greece,2013,24.668125
Greece,2014,24.582115
Greece,2015,24.983406
Greece,2016,25.509436
Greece,2017,25.892235
Greece,2018,26.789288
Greece,2019,28.4805
Greece,2020,28.80806
Greece,2021,30.731424
Grenada,2018,21.309189
Guatemala,1986,3.704802
Guatemala,1989,5.93655
Guatemala,1998,9.273316
Guatemala,2000,11.819116
Guatemala,2006,12.075639
Guatemala,2014,9.400439
Guinea,1991,1.069361
Guinea,1994,3.8817022
Guinea,2002,2.87153
Guinea,2007,3.022171
Guinea,2012,3.8602493
Guinea,2018,4.3981147
Guinea-Bissau,1991,4.4386926
Guinea-Bissau,1993,3.6078389
Guinea-Bissau,2002,2.590997
Guinea-Bissau,2010,2.5939164
Guinea-Bissau,2018,4.2062955
Guinea-Bissau,2021,3.88736
Guyana,1992,4.151698
Guyana,1998,8.369899
Haiti,2001,2.675983
Haiti,2012,3.4968116
Honduras,1989,5.033931
Honduras,1990,4.7509556
Honduras,1991,5.4599023
Honduras,1992,6.0651417
Honduras,1993,7.260229
Honduras,1994,7.343654
Honduras,1995,7.1953464
Honduras,1996,6.6313596
Honduras,1997,8.010276
Honduras,1998,8.313179
Honduras,1999,7.7140326
Honduras,2001,10.103662
Honduras,2002,8.854455
Honduras,2003,8.336979
Honduras,2004,8.617997
Honduras,2005,9.403134
Honduras,2006,10.25348
Honduras,2007,11.104387
Honduras,2008,11.465216
Honduras,2009,11.267225
Honduras,2010,11.177487
Honduras,2011,10.746905
Honduras,2012,9.609773
Honduras,2013,9.594081
Honduras,2014,9.8045635
Honduras,2015,9.720398
Honduras,2016,10.207231
Honduras,2017,10.056736
Honduras,2018,10.030834
Honduras,2019,10.124284
Honduras (urban),1986,3.882393
Hungary,1987,21.472563
Hungary,1989,10.242991
Hungary,1991,19.122438
Hungary,1993,15.836607
Hungary,1994,17.24838
Hungary,1999,15.715209
Hungary,2004,19.020247
Hungary,2005,20.968525
Hungary,2006,20.407146
Hungary,2007,19.907246
Hungary,2008,20.35363
Hungary,2009,19.391407
Hungary,2010,20.179873
Hungary,2011,20.404701
Hungary,2012,19.311926
Hungary,2013,19.983582
Hungary,2014,21.002037
Hungary,2015,22.041578
Hungary,2016,23.005865
Hungary,2017,24.188616
Hungary,2018,25.938486
Hungary,2019,28.268663
Hungary,2020,29.920326
Hungary,2021,31.011335
Iceland,2003,47.62756
Iceland,2004,48.70938
Iceland,2005,50.812515
Iceland,2006,58.237236
Iceland,2007,61.510956
Iceland,2008,64.09673
Iceland,2009,53.804035
Iceland,2010,47.76376
Iceland,2011,47.735764
Iceland,2012,48.72995
Iceland,2013,49.79197
Iceland,2014,52.534687
Iceland,2015,56.094242
Iceland,2016,60.771545
Iceland,2017,62.975197
India,1977,2.2338834
India,1983,2.4173212
India,1987,2.6553643
India,1993,2.7316372
India,2004,3.1197128
India,2009,3.4507422
India,2011,4.02172
India,2015,4.1671457
India,2016,4.2184896
India,2017,4.672036
India,2018,4.9431143
India,2019,4.9645133
India,2020,4.685475
India,2021,4.858485
India (rural),1977,2.034656
India (rural),1983,2.2011926
India (rural),1987,2.435982
India (rural),1993,2.4560933
India (rural),2004,2.7771451
India (rural),2009,2.9767148
India (rural),2011,3.4921281
India (rural),2015,3.6969569
India (rural),2016,3.7444339
India (rural),2017,4.0387487
India (rural),2018,4.331987
India (rural),2019,4.48587
India (rural),2020,4.2663617
India (rural),2021,4.3560805
India (urban),1977,2.9932375
India (urban),1983,3.163556
India (urban),1987,3.3685946
India (urban),1993,3.5678093
India (urban),2004,4.130309
India (urban),2009,4.7292886
India (urban),2011,5.345666
India (urban),2015,5.140684
India (urban),2016,5.185538
India (urban),2017,5.9448853
India (urban),2018,6.1535378
India (urban),2019,5.8988733
India (urban),2020,5.491997
India (urban),2021,5.811699
Indonesia,1984,1.8483338
Indonesia,1987,1.8684064
Indonesia,1990,2.286352
Indonesia,1993,2.3337982
Indonesia,1996,2.8099792
Indonesia,1998,2.0809746
Indonesia,1999,2.8302777
Indonesia,2000,2.8220358
Indonesia,2001,2.985641
Indonesia,2002,3.5828955
Indonesia,2003,3.5736344
Indonesia,2004,3.5973651
Indonesia,2005,3.7595272
Indonesia,2006,3.5725608
Indonesia,2007,3.9886918
Indonesia,2008,4.1014643
Indonesia,2009,4.147697
Indonesia,2010,4.561733
Indonesia,2011,5.086376
Indonesia,2012,5.3394494
Indonesia,2013,5.5585465
Indonesia,2014,5.6823764
Indonesia,2015,5.8635435
Indonesia,2016,6.203846
Indonesia,2017,6.914279
Indonesia,2018,6.9653416
Indonesia,2019,7.039734
Indonesia,2020,7.220551
Indonesia,2021,7.260337
Indonesia,2022,7.419715
Indonesia,2023,7.651418
Iran,1986,9.694023
Iran,1990,8.651049
Iran,1994,9.983241
Iran,1998,10.76657
Iran,2005,16.566088
Iran,2006,17.034643
Iran,2009,16.420551
Iran,2011,13.670483
Iran,2012,13.855309
Iran,2013,13.282307
Iran,2014,12.871318
Iran,2015,13.135002
Iran,2016,13.302301
Iran,2017,14.154284
Iran,2018,13.614246
Iran,2019,12.238541
Iran,2020,11.95955
Iran,2021,12.890845
Iran,2022,13.47562
Iraq,2006,10.675802
Iraq,2012,11.300911
Ireland,1987,19.563631
Ireland,1994,28.518595
Ireland,1995,29.434309
Ireland,1996,30.835068
Ireland,2000,38.549557
Ireland,2002,42.435463
Ireland,2003,43.538414
Ireland,2004,45.21084
Ireland,2005,47.47801
Ireland,2006,50.62874
Ireland,2007,50.268097
Ireland,2008,46.43193
Ireland,2009,45.693226
Ireland,2010,43.926495
Ireland,2011,42.74838
Ireland,2012,43.073093
Ireland,2013,42.978905
Ireland,2014,45.09173
Ireland,2015,46.5034
Ireland,2016,49.683517
Ireland,2017,52.798397
Ireland,2018,54.0526
Ireland,2019,55.83371
Ireland,2020,58.01948
Ireland,2021,59.14948
Israel,1979,20.483973
Israel,1986,20.313902
Israel,1992,24.054335
Israel,1997,25.102245
Israel,2001,28.632097
Israel,2002,25.678545
Israel,2003,26.547382
Israel,2004,27.621836
Israel,2005,28.894579
Israel,2006,29.444778
Israel,2007,30.886047
Israel,2008,31.702076
Israel,2009,31.740496
Israel,2010,32.498077
Israel,2011,32.366276
Israel,2012,34.1708
Israel,2013,35.500973
Israel,2014,36.205494
Israel,2015,37.30528
Israel,2016,37.806873
Israel,2017,39.4594
Israel,2018,40.96895
Israel,2019,39.63099
Israel,2020,39.2617
Israel,2021,39.785995
Italy,1977,24.482773
Italy,1978,26.632929
Italy,1979,27.698841
Italy,1980,29.132032
Italy,1981,28.146349
Italy,1982,28.88354
Italy,1983,28.880228
Italy,1984,30.25085
Italy,1986,28.970484
Italy,1987,33.906296
Italy,1989,36.930363
Italy,1991,36.21356
Italy,1993,35.343925
Italy,1995,35.079746
Italy,1998,38.042305
Italy,2000,38.772804
Italy,2002,38.793358
Italy,2003,47.6189
Italy,2004,48.989033
Italy,2005,48.23053
Italy,2006,49.16129
Italy,2007,49.46532
Italy,2008,48.74868
Italy,2009,49.285275
Italy,2010,48.390736
Italy,2011,47.668953
Italy,2012,45.51774
Italy,2013,44.999966
Italy,2014,44.809155
Italy,2015,45.928272
Italy,2016,47.025898
Italy,2017,47.847874
Italy,2018,48.05143
Italy,2019,49.899292
Italy,2020,49.76164
Italy,2021,51.56961
Jamaica,1988,10.26372
Jamaica,1990,9.57571
Jamaica,1993,6.76994
Jamaica,1996,10.351952
Jamaica,1999,13.940651
Jamaica,2002,15.250286
Jamaica,2004,15.205789
Jamaica,2018,19.125742
Jamaica,2021,20.378366
Japan,2008,42.96584
Japan,2010,51.814415
Japan,2013,49.759407
Jordan,1986,17.092539
Jordan,1992,13.367517
Jordan,1997,11.687683
Jordan,2002,13.742805
Jordan,2006,15.085861
Jordan,2008,15.060466
Jordan,2010,16.92439
Kazakhstan,1993,6.0218205
Kazakhstan,1996,6.422387
Kazakhstan,2001,5.57957
Kazakhstan,2002,5.897025
Kazakhstan,2003,6.340362
Kazakhstan,2004,6.7158327
Kazakhstan,2005,7.344755
Kazakhstan,2006,8.211945
Kazakhstan,2007,9.516656
Kazakhstan,2008,9.459716
Kazakhstan,2009,9.3359165
Kazakhstan,2010,9.928319
Kazakhstan,2011,11.784867
Kazakhstan,2012,11.992633
Kazakhstan,2013,12.570521
Kazakhstan,2014,12.284417
Kazakhstan,2015,11.724289
Kazakhstan,2016,10.840452
Kazakhstan,2017,11.666905
Kazakhstan,2018,12.426413
Kazakhstan,2019,12.416824
Kazakhstan,2020,12.710073
Kazakhstan,2021,13.326654
Kenya,1992,6.966389
Kenya,1994,4.722907
Kenya,1997,5.0838933
Kenya,2005,4.148123
Kenya,2015,4.246151
Kenya,2020,3.504944
Kenya,2021,3.5919623
Kiribati,2006,5.5491967
Kiribati,2019,6.24853
Kosovo,2003,6.2729945
Kosovo,2005,6.4570446
Kosovo,2006,6.342524
Kosovo,2009,7.254176
Kosovo,2010,7.524888
Kosovo,2011,7.2556415
Kosovo,2012,8.682335
Kosovo,2013,8.773468
Kosovo,2014,8.761588
Kosovo,2015,9.126698
Kosovo,2016,9.245114
Kosovo,2017,9.534211
Kyrgyzstan,2000,3.0150547
Kyrgyzstan,2001,3.1913178
Kyrgyzstan,2002,3.27305
Kyrgyzstan,2003,3.4407747
Kyrgyzstan,2004,5.133829
Kyrgyzstan,2005,4.5893035
Kyrgyzstan,2006,6.0242286
Kyrgyzstan,2007,5.7241178
Kyrgyzstan,2008,6.428831
Kyrgyzstan,2009,6.563873
Kyrgyzstan,2010,6.2527986
Kyrgyzstan,2011,6.2348695
Kyrgyzstan,2012,6.0205083
Kyrgyzstan,2013,5.9345117
Kyrgyzstan,2014,6.201909
Kyrgyzstan,2015,6.099408
Kyrgyzstan,2016,6.220698
Kyrgyzstan,2017,6.263398
Kyrgyzstan,2018,6.6944466
Kyrgyzstan,2019,7.0921917
Kyrgyzstan,2020,6.453587
Kyrgyzstan,2021,7.037827
Kyrgyzstan,2022,6.9460597
Laos,1992,3.9403815
Laos,1997,3.0139945
Laos,2002,3.7089078
Laos,2007,4.24813
Laos,2012,5.4102516
Laos,2018,6.5213118
Latin America and the Caribbean (PIP),1990,10.7618885
Latin America and the Caribbean (PIP),1991,10.569231
Latin America and the Caribbean (PIP),1992,10.28258
Latin America and the Caribbean (PIP),1993,10.95776
Latin America and the Caribbean (PIP),1994,11.564685
Latin America and the Caribbean (PIP),1995,11.717587
Latin America and the Caribbean (PIP),1996,11.5670595
Latin America and the Caribbean (PIP),1997,11.836561
Latin America and the Caribbean (PIP),1998,12.070296
Latin America and the Caribbean (PIP),1999,11.663267
Latin America and the Caribbean (PIP),2000,12.261286
Latin America and the Caribbean (PIP),2001,12.27762
Latin America and the Caribbean (PIP),2002,12.129367
Latin America and the Caribbean (PIP),2003,12.217583
Latin America and the Caribbean (PIP),2004,12.467335
Latin America and the Caribbean (PIP),2005,13.170503
Latin America and the Caribbean (PIP),2006,14.133665
Latin America and the Caribbean (PIP),2007,14.670393
Latin America and the Caribbean (PIP),2008,15.172531
Latin America and the Caribbean (PIP),2009,15.169317
Latin America and the Caribbean (PIP),2010,15.698357
Latin America and the Caribbean (PIP),2011,16.363998
Latin America and the Caribbean (PIP),2012,17.007473
Latin America and the Caribbean (PIP),2013,17.447174
Latin America and the Caribbean (PIP),2014,17.449787
Latin America and the Caribbean (PIP),2015,17.833193
Latin America and the Caribbean (PIP),2016,17.99047
Latin America and the Caribbean (PIP),2017,18.138172
Latin America and the Caribbean (PIP),2018,18.322535
Latin America and the Caribbean (PIP),2019,18.491549
Latin America and the Caribbean (PIP),2020,17.334242
Latin America and the Caribbean (PIP),2021,17.553555
Latin America and the Caribbean (PIP),2022,18.650366
Latin America and the Caribbean (PIP),2023,18.892561
Latin America and the Caribbean (PIP),2024,19.101763
Latvia,1993,8.844652
Latvia,1995,10.475384
Latvia,1996,10.159797
Latvia,2004,13.949307
Latvia,2005,15.966198
Latvia,2006,18.956343
Latvia,2007,24.669195
Latvia,2008,24.02254
Latvia,2009,19.779726
Latvia,2010,18.686575
Latvia,2011,19.090813
Latvia,2012,19.611036
Latvia,2013,21.708263
Latvia,2014,23.7928
Latvia,2015,25.568102
Latvia,2016,26.854668
Latvia,2017,29.116896
Latvia,2018,31.703976
Latvia,2019,32.930565
Latvia,2020,35.50248
Latvia,2021,37.1083
Lebanon,2011,30.786077
Lesotho,1986,3.4820104
Lesotho,1994,4.3370376
Lesotho,2002,2.2743342
Lesotho,2017,4.6434608
Liberia,2007,2.5452726
Liberia,2014,3.8503475
Liberia,2016,3.8830748
Lithuania,1993,5.8285127
Lithuania,2004,14.105433
Lithuania,2005,16.338139
Lithuania,2006,20.347395
Lithuania,2007,24.144669
Lithuania,2008,25.847422
Lithuania,2009,21.41974
Lithuania,2010,19.272047
Lithuania,2011,21.072468
Lithuania,2012,22.690147
Lithuania,2013,23.70041
Lithuania,2014,25.894678
Lithuania,2015,28.507935
Lithuania,2016,30.498922
Lithuania,2017,32.478096
Lithuania,2018,34.87511
Lithuania,2019,38.387756
Lithuania,2020,43.6747
Lithuania,2021,45.03895
Luxembourg,1985,45.735195
Luxembourg,1986,50.559696
Luxembourg,1987,55.775555
Luxembourg,1988,58.031677
Luxembourg,1989,62.845303
Luxembourg,1990,63.582996
Luxembourg,1991,63.787025
Luxembourg,1992,66.381424
Luxembourg,1993,66.49133
Luxembourg,1994,63.36129
Luxembourg,1995,64.941414
Luxembourg,1996,65.074585
Luxembourg,1997,67.41234
Luxembourg,1998,68.75953
Luxembourg,1999,71.127464
Luxembourg,2000,70.98843
Luxembourg,2001,72.98513
Luxembourg,2002,77.62498
Luxembourg,2003,75.69985
Luxembourg,2004,77.74665
Luxembourg,2005,80.36772
Luxembourg,2006,79.43603
Luxembourg,2007,80.47452
Luxembourg,2008,80.2325
Luxembourg,2009,79.94183
Luxembourg,2010,78.4369
Luxembourg,2011,77.521614
Luxembourg,2012,78.58543
Luxembourg,2013,78.070465
Luxembourg,2014,78.7999
Luxembourg,2015,73.595955
Luxembourg,2016,79.74078
Luxembourg,2017,79.89706
Luxembourg,2018,83.9077
Luxembourg,2019,84.45375
Luxembourg,2020,93.3278
Luxembourg,2021,93.09305
Madagascar,1980,3.323957
Madagascar,1993,2.104277
Madagascar,1997,2.0131037
Madagascar,1999,2.0537503
Madagascar,2001,2.0864148
Madagascar,2005,1.9467592
Madagascar,2010,1.6940889
Madagascar,2012,1.5917523
Malawi,1997,4.615184
Malawi,2004,2.188553
Malawi,2010,2.2743196
Malawi,2016,2.5000234
Malawi,2019,2.069375
Malaysia,1984,13.210408
Malaysia,1987,12.701916
Malaysia,1989,12.49481
Malaysia,1992,13.867934
Malaysia,1995,14.428521
Malaysia,1997,17.983912
Malaysia,2003,16.595554
Malaysia,2006,18.103273
Malaysia,2008,18.898396
Malaysia,2011,23.169909
Malaysia,2013,26.415785
Malaysia,2015,29.363651
Malaysia,2018,32.81152
Malaysia,2021,34.740494
Maldives,2002,7.0562325
Maldives,2009,8.724323
Maldives,2016,19.446728
Maldives,2019,18.690468
Mali,1994,1.4262135
Mali,2001,2.5940938
Mali,2006,2.917057
Mali,2009,2.7624602
Mali,2018,4.9264207
Mali,2021,4.359942
Malta,2006,34.6697
Malta,2007,37.78859
Malta,2008,38.769512
Malta,2009,38.025784
Malta,2010,38.504417
Malta,2011,39.286266
Malta,2012,40.69435
Malta,2013,42.881447
Malta,2014,45.409103
Malta,2015,45.628784
Malta,2016,48.517345
Malta,2017,48.852325
Malta,2018,50.075417
Malta,2019,54.549633
Malta,2020,56.98933
Marshall Islands,2019,11.5619955
Mauritania,1987,3.445834
Mauritania,1993,3.9635968
Mauritania,1995,4.554358
Mauritania,2000,4.8765407
Mauritania,2004,5.029645
Mauritania,2008,5.763174
Mauritania,2014,6.30536
Mauritania,2019,6.275561
Mauritius,2006,13.17084
Mauritius,2012,14.941819
Mauritius,2017,16.509262
Mexico,1984,9.87288
Mexico,1989,10.198066
Mexico,1992,11.982417
Mexico,1994,12.424267
Mexico,1996,9.053156
Mexico,1998,9.845196
Mexico,2000,11.720352
Mexico,2002,11.747113
Mexico,2004,12.404475
Mexico,2005,12.76013
Mexico,2006,13.316393
Mexico,2008,13.640355
Mexico,2010,12.767134
Mexico,2012,13.905741
Mexico,2014,13.083126
Mexico,2016,14.77023
Mexico,2018,15.072108
Mexico,2020,14.351697
Mexico,2022,16.587002
Micronesia (country),2005,7.9825597
Micronesia (country),2013,5.5514197
Micronesia (country) (urban),2000,5.6021323
Middle East and North Africa (PIP),1990,7.334704
Middle East and North Africa (PIP),1991,7.3281484
Middle East and North Africa (PIP),1992,7.525561
Middle East and North Africa (PIP),1993,7.594696
Middle East and North Africa (PIP),1994,7.629893
Middle East and North Africa (PIP),1995,7.6140757
Middle East and North Africa (PIP),1996,7.872982
Middle East and North Africa (PIP),1997,8.017767
Middle East and North Africa (PIP),1998,8.370512
Middle East and North Africa (PIP),1999,8.505653
Middle East and North Africa (PIP),2000,8.82369
Middle East and North Africa (PIP),2001,8.887498
Middle East and North Africa (PIP),2002,9.103397
Middle East and North Africa (PIP),2003,9.242668
Middle East and North Africa (PIP),2004,9.841477
Middle East and North Africa (PIP),2005,9.972156
Middle East and North Africa (PIP),2006,10.161561
Middle East and North Africa (PIP),2007,10.303444
Middle East and North Africa (PIP),2008,10.342802
Middle East and North Africa (PIP),2009,10.456166
Middle East and North Africa (PIP),2010,10.387443
Middle East and North Africa (PIP),2011,10.184508
Middle East and North Africa (PIP),2012,10.098468
Middle East and North Africa (PIP),2013,9.992841
Middle East and North Africa (PIP),2014,9.943077
Middle East and North Africa (PIP),2015,10.026457
Middle East and North Africa (PIP),2016,10.037236
Middle East and North Africa (PIP),2017,10.108369
Middle East and North Africa (PIP),2018,10.057791
Middle East and North Africa (PIP),2019,9.853912
Middle East and North Africa (PIP),2020,9.34643
Middle East and North Africa (PIP),2021,9.516662
Middle East and North Africa (PIP),2022,9.77233
Middle East and North Africa (PIP),2023,9.8031
Middle East and North Africa (PIP),2024,9.839638
Moldova,1997,5.520969
Moldova,1998,4.5362854
Moldova,1999,3.9722476
Moldova,2000,3.6782355
Moldova,2001,4.3768926
Moldova,2002,5.3937883
Moldova,2003,6.438567
Moldova,2004,6.325616
Moldova,2005,5.720204
Moldova,2006,9.727122
Moldova,2007,10.997579
Moldova,2008,10.72482
Moldova,2009,10.706347
Moldova,2010,10.93581
Moldova,2011,11.217984
Moldova,2012,10.957044
Moldova,2013,11.721873
Moldova,2014,11.427107
Moldova,2015,11.800105
Moldova,2016,11.455086
Moldova,2017,11.499222
Moldova,2018,11.911888
Moldova,2019,12.118137
Moldova,2021,12.111857
Mongolia,1995,5.018736
Mongolia,1998,3.3607519
Mongolia,2002,5.262573
Mongolia,2007,8.620323
Mongolia,2010,8.488634
Mongolia,2011,9.34378
Mongolia,2012,10.747517
Mongolia,2014,11.207575
Mongolia,2016,9.27549
Mongolia,2018,9.861787
Mongolia,2022,12.303052
Montenegro,2012,15.563439
Montenegro,2013,15.437398
Montenegro,2014,15.995548
Montenegro,2015,16.203938
Montenegro,2016,17.704718
Montenegro,2017,17.454826
Montenegro,2018,16.971664
Montenegro,2019,17.739056
Montenegro,2020,17.466791
Montenegro,2021,18.891842
Morocco,1984,5.534582
Morocco,1990,7.7640233
Morocco,1998,6.65484
Morocco,2000,6.841511
Morocco,2006,8.266075
Morocco,2013,10.565216
Mozambique,1996,1.5900548
Mozambique,2002,1.7702214
Mozambique,2008,2.12465
Mozambique,2014,2.8701267
Mozambique,2019,2.0986562
Myanmar,2015,6.4148016
Myanmar,2017,6.5798388
Namibia,1993,6.3350825
Namibia,2003,7.186875
Namibia,2009,8.061896
Namibia,2015,11.654414
Nauru,2012,6.968661
Nepal,1984,2.0337918
Nepal,1995,2.605732
Nepal,2003,3.784308
Nepal,2010,5.1934714
Nepal,2022,8.735883
Netherlands,1983,35.11121
Netherlands,1987,38.18451
Netherlands,1990,46.923573
Netherlands,1993,43.277237
Netherlands,1999,51.069
Netherlands,2004,51.45785
Netherlands,2005,52.006893
Netherlands,2006,55.24142
Netherlands,2007,57.881798
Netherlands,2008,57.809143
Netherlands,2009,56.971714
Netherlands,2010,56.274338
Netherlands,2011,55.625694
Netherlands,2012,54.85407
Netherlands,2013,53.74408
Netherlands,2014,54.617275
Netherlands,2015,57.8778
Netherlands,2016,59.79713
Netherlands,2017,60.272038
Netherlands,2018,60.400505
Netherlands,2019,62.7148
Netherlands,2020,64.17478
Netherlands,2021,65.267654
Nicaragua,1993,5.2883244
Nicaragua,1998,6.4932137
Nicaragua,2001,7.6906495
Nicaragua,2005,8.756874
Nicaragua,2009,8.542139
Nicaragua,2014,11.715201
Niger,1992,1.5338566
Niger,1994,1.3402334
Niger,2005,1.7152469
Niger,2007,1.7935247
Niger,2011,2.3193524
Niger,2014,2.553734
Niger,2018,2.8514702
Niger,2021,2.689935
Nigeria,1985,2.9009602
Nigeria,1992,2.8623405
Nigeria,1996,2.9210093
Nigeria,2003,2.9167597
Nigeria,2010,3.4995387
Nigeria,2012,3.5503323
Nigeria,2015,3.6770487
Nigeria,2018,3.6559303
North Macedonia,2009,10.458378
North Macedonia,2010,10.459446
North Macedonia,2011,10.805762
North Macedonia,2012,10.867118
North Macedonia,2013,10.8700905
North Macedonia,2014,11.575014
North Macedonia,2015,12.078374
North Macedonia,2016,12.803083
North Macedonia,2017,13.330629
North Macedonia,2018,13.685375
North Macedonia,2019,14.949115
Norway,1979,28.444925
Norway,1986,37.93881
Norway,1991,40.24977
Norway,1995,40.841106
Norway,2000,49.768482
Norway,2003,52.96589
Norway,2004,55.96772
Norway,2005,57.34383
Norway,2006,55.090393
Norway,2007,60.889248
Norway,2008,63.073204
Norway,2009,63.138622
Norway,2010,63.32964
Norway,2011,66.447426
Norway,2012,67.978676
Norway,2013,71.33923
Norway,2014,72.47341
Norway,2015,73.34292
Norway,2016,72.97316
Norway,2017,71.553795
Norway,2018,72.11662
Norway,2019,74.05911
Other high income countries (PIP),1990,44.052692
Other high income countries (PIP),1991,44.35034
Other high income countries (PIP),1992,44.679688
Other high income countries (PIP),1993,45.026264
Other high income countries (PIP),1994,45.802868
Other high income countries (PIP),1995,46.563915
Other high income countries (PIP),1996,47.374893
Other high income countries (PIP),1997,48.374725
Other high income countries (PIP),1998,49.516735
Other high income countries (PIP),1999,50.847137
Other high income countries (PIP),2000,52.08283
Other high income countries (PIP),2001,52.50028
Other high income countries (PIP),2002,52.939793
Other high income countries (PIP),2003,53.590885
Other high income countries (PIP),2004,54.270912
Other high income countries (PIP),2005,55.111477
Other high income countries (PIP),2006,56.08446
Other high income countries (PIP),2007,57.511585
Other high income countries (PIP),2008,57.03555
Other high income countries (PIP),2009,57.43478
Other high income countries (PIP),2010,57.177868
Other high income countries (PIP),2011,57.204437
Other high income countries (PIP),2012,56.969658
Other high income countries (PIP),2013,56.94881
Other high income countries (PIP),2014,57.448345
Other high income countries (PIP),2015,58.88282
Other high income countries (PIP),2016,60.545776
Other high income countries (PIP),2017,61.28919
Other high income countries (PIP),2018,63.151337
Other high income countries (PIP),2019,65.23224
Other high income countries (PIP),2020,66.04684
Other high income countries (PIP),2021,66.73111
Other high income countries (PIP),2022,66.336136
Other high income countries (PIP),2023,67.0628
Other high income countries (PIP),2024,67.941284
Pakistan,1987,2.1360838
Pakistan,1990,2.1705956
Pakistan,1996,3.496953
Pakistan,1998,3.4788663
Pakistan,2001,3.0904586
Pakistan,2004,3.7691586
Pakistan,2005,3.797388
Pakistan,2007,3.9781582
Pakistan,2010,4.2927957
Pakistan,2011,4.394214
Pakistan,2013,4.6759286
Pakistan,2015,5.11501
Pakistan,2018,4.9754863
Palestine,2004,12.85836
Palestine,2005,13.402979
Palestine,2006,13.433589
Palestine,2007,12.362347
Palestine,2009,14.173011
Palestine,2010,14.301447
Palestine,2011,14.273266
Palestine,2016,13.825653
Panama,1979,13.5117445
Panama,1989,11.919145
Panama,1991,12.726557
Panama,1995,16.249796
Panama,1997,16.83503
Panama,1998,16.123636
Panama,1999,16.938871
Panama,2000,17.990908
Panama,2001,15.831265
Panama,2002,17.295324
Panama,2003,17.61135
Panama,2004,17.908184
Panama,2005,17.62255
Panama,2006,17.850826
Panama,2007,18.65594
Panama,2008,22.48011
Panama,2009,22.541346
Panama,2010,23.082052
Panama,2011,25.549192
Panama,2012,25.858646
Panama,2013,26.78733
Panama,2014,26.911139
Panama,2015,29.39611
Panama,2016,30.892757
Panama,2017,30.721598
Panama,2018,32.387367
Panama,2019,33.496227
Panama,2021,30.867395
Panama,2023,30.132584
Papua New Guinea,1996,3.0310435
Papua New Guinea,2009,3.4707642
Paraguay,1990,15.836389
Paraguay,1995,14.910916
Paraguay,1997,16.009472
Paraguay,1999,14.555646
Paraguay,2001,14.845122
Paraguay,2002,12.036351
Paraguay,2003,13.633466
Paraguay,2004,13.338597
Paraguay,2005,14.013045
Paraguay,2006,13.079373
Paraguay,2007,14.010539
Paraguay,2008,14.569523
Paraguay,2009,14.163819
Paraguay,2010,15.420183
Paraguay,2011,16.985765
Paraguay,2012,16.86829
Paraguay,2013,18.847652
Paraguay,2014,20.109123
Paraguay,2015,19.008804
Paraguay,2016,18.43332
Paraguay,2017,19.412132
Paraguay,2018,19.234015
Paraguay,2019,19.460018
Paraguay,2020,17.204102
Paraguay,2021,17.318638
Paraguay,2022,18.457066
Peru,1997,8.555909
Peru,1998,8.980514
Peru,1999,8.767429
Peru,2000,7.724847
Peru,2001,7.801086
Peru,2002,9.006975
Peru,2003,9.341904
Peru,2004,8.506533
Peru,2005,8.138164
Peru,2006,9.15915
Peru,2007,10.293476
Peru,2008,10.678884
Peru,2009,11.142677
Peru,2010,11.660002
Peru,2011,12.051276
Peru,2012,12.716937
Peru,2013,12.843301
Peru,2014,12.907263
Peru,2015,13.030847
Peru,2016,13.476898
Peru,2017,13.28231
Peru,2018,13.631736
Peru,2019,13.814469
Peru,2020,10.889868
Peru,2021,12.127375
Peru,2022,12.43278
Philippines,1985,4.3675256
Philippines,1988,4.582408
Philippines,1991,4.910717
Philippines,1994,4.978883
Philippines,1997,6.2431726
Philippines,2000,5.9140825
Philippines,2003,6.0221963
Philippines,2006,6.128274
Philippines,2009,6.430517
Philippines,2012,6.3335896
Philippines,2015,6.7604713
Philippines,2018,7.049608
Philippines,2021,6.5564165
Poland,1985,14.409339
Poland,1986,14.728814
Poland,1987,14.718863
Poland,1989,21.144056
Poland,1992,16.233637
Poland,1995,13.351132
Poland,1999,15.990859
Poland,2004,17.315292
Poland,2005,18.336493
Poland,2006,19.606972
Poland,2007,22.032955
Poland,2008,23.757484
Poland,2009,24.16076
Poland,2010,24.647743
Poland,2011,24.837063
Poland,2012,24.711433
Poland,2013,25.320736
Poland,2014,26.027767
Poland,2015,27.364313
Poland,2016,29.28861
Poland,2017,30.094875
Poland,2018,32.35043
Poland,2019,35.425396
Poland,2020,36.3085
Poland,2021,38.379917
Portugal,2003,29.867134
Portugal,2004,30.854967
Portugal,2005,30.764275
Portugal,2006,31.310593
Portugal,2007,31.540648
Portugal,2008,31.261345
Portugal,2009,31.9568
Portugal,2010,31.407177
Portugal,2011,30.074615
Portugal,2012,28.316792
Portugal,2013,28.250164
Portugal,2014,28.754501
Portugal,2015,30.269053
Portugal,2016,31.039732
Portugal,2017,31.258413
Portugal,2018,32.989956
Portugal,2019,35.261925
Portugal,2020,36.582508
Portugal,2021,36.549538
Qatar,2017,89.51549
Romania,1989,16.861053
Romania,1992,11.162528
Romania,1994,4.77598
Romania,1995,9.159408
Romania,1997,8.394804
Romania,2006,9.689161
Romania,2007,10.554066
Romania,2008,11.882887
Romania,2009,12.136874
Romania,2010,11.603455
Romania,2011,10.877336
Romania,2012,10.949804
Romania,2013,11.025281
Romania,2014,11.438486
Romania,2015,12.340591
Romania,2016,14.055058
Romania,2017,17.609158
Romania,2018,19.82405
Romania,2019,21.46745
Romania,2020,24.067308
Romania,2021,26.431126
Russia,1993,13.613671
Russia,1996,13.704825
Russia,1997,12.516561
Russia,1998,11.259149
Russia,1999,8.969361
Russia,2000,9.829381
Russia,2001,11.063918
Russia,2002,12.259856
Russia,2003,13.503802
Russia,2004,14.561734
Russia,2005,16.015692
Russia,2006,17.43953
Russia,2007,20.223497
Russia,2008,22.377516
Russia,2009,21.34907
Russia,2010,22.963923
Russia,2011,23.861631
Russia,2012,25.107235
Russia,2013,25.646017
Russia,2014,25.181019
Russia,2015,23.179077
Russia,2016,22.523245
Russia,2017,22.569801
Russia,2018,22.866001
Russia,2019,23.806099
Russia,2020,22.628477
Rwanda,2000,2.1129332
Rwanda,2005,2.737686
Rwanda,2010,2.91027
Rwanda,2013,3.1020343
Rwanda,2016,3.0868082
Rwanda (rural),1984,2.3360949
Saint Lucia,1995,3.6598423
Saint Lucia,2015,20.074005
Samoa,2002,10.130468
Samoa,2008,10.775027
Samoa,2013,10.202586
Sao Tome and Principe,2000,4.1573443
Sao Tome and Principe,2010,3.827335
Sao Tome and Principe,2017,5.4514947
Senegal,1991,2.263956
Senegal,1994,2.4498048
Senegal,2001,2.9343681
Senegal,2005,3.315855
Senegal,2011,3.3644304
Senegal,2018,5.9815583
Senegal,2021,5.7743273
Serbia,2012,14.210298
Serbia,2013,13.020959
Serbia,2014,13.117774
Serbia,2015,13.464573
Serbia,2016,13.75914
Serbia,2017,13.841298
Serbia,2018,15.755762
Serbia,2019,17.848507
Serbia,2020,19.229452
Serbia,2021,20.056488
Seychelles,1999,20.161915
Seychelles,2006,18.315765
Seychelles,2013,24.125185
Seychelles,2018,22.251562
Sierra Leone,2003,2.4678574
Sierra Leone,2011,3.1890166
Sierra Leone,2018,3.8859947
Slovakia,1992,15.342223
Slovakia,1996,15.7025385
Slovakia,2004,16.333117
Slovakia,2005,18.723593
Slovakia,2006,20.195536
Slovakia,2007,20.940676
Slovakia,2008,21.780602
Slovakia,2009,23.163744
Slovakia,2010,23.68542
Slovakia,2011,24.581245
Slovakia,2012,22.556211
Slovakia,2013,23.145334
Slovakia,2014,22.567966
Slovakia,2015,23.039888
Slovakia,2016,23.306555
Slovakia,2017,24.037529
Slovakia,2018,25.395744
Slovakia,2019,26.04364
Slovakia,2020,24.993177
Slovakia,2021,24.844337
Slovenia,1987,38.688972
Slovenia,1993,23.408258
Slovenia,1997,26.647985
Slovenia,1999,26.791573
Slovenia,2004,33.349247
Slovenia,2005,34.524963
Slovenia,2006,35.744915
Slovenia,2007,37.609467
Slovenia,2008,38.729073
Slovenia,2009,38.98301
Slovenia,2010,39.037468
Slovenia,2011,38.704117
Slovenia,2012,37.106594
Slovenia,2013,36.907825
Slovenia,2014,37.816
Slovenia,2015,37.95815
Slovenia,2016,39.101276
Slovenia,2017,40.017612
Slovenia,2018,42.537228
Slovenia,2019,43.449783
Slovenia,2020,45.5951
Slovenia,2021,47.9973
Solomon Islands,2005,3.2091784
Solomon Islands,2012,4.0241327
South Africa,1993,7.512568
South Africa,2000,6.417391
South Africa,2005,9.539026
South Africa,2008,12.030882
South Africa,2010,12.693439
South Africa,2014,11.943078
South Asia (PIP),1990,2.6720655
South Asia (PIP),1991,2.7102172
South Asia (PIP),1992,2.7711377
South Asia (PIP),1993,2.7943869
South Asia (PIP),1994,2.857653
South Asia (PIP),1995,2.8981977
South Asia (PIP),1996,2.961947
South Asia (PIP),1997,2.9941614
South Asia (PIP),1998,3.0220606
South Asia (PIP),1999,3.0619836
South Asia (PIP),2000,3.077834
South Asia (PIP),2001,3.0843613
South Asia (PIP),2002,3.1046286
South Asia (PIP),2003,3.1769798
South Asia (PIP),2004,3.265902
South Asia (PIP),2005,3.3473213
South Asia (PIP),2006,3.4260983
South Asia (PIP),2007,3.5010755
South Asia (PIP),2008,3.5530815
South Asia (PIP),2009,3.6225097
South Asia (PIP),2010,3.8074555
South Asia (PIP),2011,4.047674
South Asia (PIP),2012,4.174045
South Asia (PIP),2013,4.2507358
South Asia (PIP),2014,4.3092155
South Asia (PIP),2015,4.379611
South Asia (PIP),2016,4.4497547
South Asia (PIP),2017,4.753431
South Asia (PIP),2018,5.0384326
South Asia (PIP),2019,5.1309814
South Asia (PIP),2020,4.910118
South Asia (PIP),2021,5.033221
South Asia (PIP),2022,5.2597833
South Asia (PIP),2023,5.431251
South Asia (PIP),2024,5.6241193
South Korea,2006,35.735218
South Korea,2008,36.929707
South Korea,2010,37.440643
South Korea,2012,39.524494
South Korea,2014,41.450096
South Korea,2016,49.505405
South Korea,2017,51.16814
South Korea,2018,52.552197
South Korea,2019,54.52501
South Korea,2020,56.576427
South Korea,2021,59.4028
South Sudan,2009,4.4454036
South Sudan,2016,2.1513767
Spain,1980,21.007597
Spain,1985,20.646667
Spain,1990,26.671429
Spain,1993,29.865253
Spain,1994,29.529535
Spain,1995,29.557978
Spain,1996,29.712278
Spain,1997,30.996199
Spain,1998,33.224133
Spain,1999,35.381313
Spain,2000,37.221443
Spain,2003,38.43808
Spain,2004,38.93921
Spain,2005,39.939465
Spain,2006,40.307762
Spain,2007,48.052307
Spain,2008,48.86199
Spain,2009,48.803932
Spain,2010,46.15102
Spain,2011,44.424927
Spain,2012,42.324707
Spain,2013,41.166985
Spain,2014,41.377567
Spain,2015,42.568478
Spain,2016,44.123314
Spain,2017,44.601044
Spain,2018,44.85148
Spain,2019,46.866924
Spain,2020,47.000114
Spain,2021,48.28773
Sri Lanka,1985,4.3599186
Sri Lanka,1990,4.569283
Sri Lanka,1995,4.969462
Sri Lanka,2002,5.8335056
Sri Lanka,2006,6.8615546
Sri Lanka,2009,6.9114547
Sri Lanka,2012,7.875568
Sri Lanka,2016,9.070544
Sri Lanka,2019,9.24845
Sub-Saharan Africa (PIP),1990,3.4846425
Sub-Saharan Africa (PIP),1991,3.4091756
Sub-Saharan Africa (PIP),1992,3.325857
Sub-Saharan Africa (PIP),1993,3.177382
Sub-Saharan Africa (PIP),1994,3.1397603
Sub-Saharan Africa (PIP),1995,3.1947072
Sub-Saharan Africa (PIP),1996,3.248141
Sub-Saharan Africa (PIP),1997,3.2501037
Sub-Saharan Africa (PIP),1998,3.2175107
Sub-Saharan Africa (PIP),1999,3.181352
Sub-Saharan Africa (PIP),2000,3.1545823
Sub-Saharan Africa (PIP),2001,3.167695
Sub-Saharan Africa (PIP),2002,3.2148643
Sub-Saharan Africa (PIP),2003,3.2447371
Sub-Saharan Africa (PIP),2004,3.4017282
Sub-Saharan Africa (PIP),2005,3.5364308
Sub-Saharan Africa (PIP),2006,3.700819
Sub-Saharan Africa (PIP),2007,3.7505972
Sub-Saharan Africa (PIP),2008,3.8385515
Sub-Saharan Africa (PIP),2009,3.8533263
Sub-Saharan Africa (PIP),2010,3.9735448
Sub-Saharan Africa (PIP),2011,4.020942
Sub-Saharan Africa (PIP),2012,4.0774493
Sub-Saharan Africa (PIP),2013,4.121004
Sub-Saharan Africa (PIP),2014,4.163964
Sub-Saharan Africa (PIP),2015,4.166684
Sub-Saharan Africa (PIP),2016,4.1684055
Sub-Saharan Africa (PIP),2017,4.19154
Sub-Saharan Africa (PIP),2018,4.226817
Sub-Saharan Africa (PIP),2019,4.2322474
Sub-Saharan Africa (PIP),2020,4.091491
Sub-Saharan Africa (PIP),2021,4.127633
Sub-Saharan Africa (PIP),2022,4.164528
Sub-Saharan Africa (PIP),2023,4.173943
Sub-Saharan Africa (PIP),2024,4.213359
Sudan,2009,4.6741223
Sudan,2014,4.563758
Suriname,2022,16.845085
Suriname (urban),1999,13.108989
Sweden,1975,28.026134
Sweden,1981,29.347048
Sweden,1987,31.535292
Sweden,1992,37.354668
Sweden,1995,35.247055
Sweden,2000,41.017166
Sweden,2001,42.382153
Sweden,2002,43.397587
Sweden,2003,39.91458
Sweden,2004,40.97695
Sweden,2005,41.384407
Sweden,2006,43.84669
Sweden,2007,46.47506
Sweden,2008,48.01129
Sweden,2009,48.312958
Sweden,2010,49.062798
Sweden,2011,49.573116
Sweden,2012,50.735325
Sweden,2013,52.061188
Sweden,2014,53.294346
Sweden,2015,55.136784
Sweden,2016,56.001705
Sweden,2017,55.964848
Sweden,2018,56.58777
Sweden,2019,57.701637
Sweden,2020,58.808186
Sweden,2021,58.83865
Switzerland,1982,73.212364
Switzerland,1992,69.455864
Switzerland,2000,68.673805
Switzerland,2002,70.95938
Switzerland,2004,68.56584
Switzerland,2006,71.8678
Switzerland,2007,73.74803
Switzerland,2008,74.26698
Switzerland,2009,73.953285
Switzerland,2010,74.2322
Switzerland,2011,75.28656
Switzerland,2012,77.147934
Switzerland,2013,76.787605
Switzerland,2014,77.71382
Switzerland,2015,77.35655
Switzerland,2016,78.754654
Switzerland,2017,78.50205
Switzerland,2018,77.10289
Switzerland,2019,79.27157
Switzerland,2020,80.13957
Syria,1996,7.43338
Syria,2003,9.357451
Syria,2006,9.731649
Syria,2009,9.656133
Syria,2022,3.3238955
Taiwan,1981,16.580818
Taiwan,1986,22.086191
Taiwan,1991,36.843056
Taiwan,1995,42.8897
Taiwan,1997,45.318066
Taiwan,2000,48.02765
Taiwan,2005,47.8765
Taiwan,2007,45.436436
Taiwan,2010,42.248367
Taiwan,2013,42.89902
Taiwan,2016,45.845352
Taiwan,2017,47.120644
Taiwan,2018,47.360687
Taiwan,2019,48.475357
Taiwan,2020,51.018307
Taiwan,2021,50.739502
Tajikistan,1999,2.1296227
Tajikistan,2003,3.1424298
Tajikistan,2004,4.1620893
Tajikistan,2007,4.724944
Tajikistan,2009,5.566657
Tajikistan,2015,6.5185013
Tanzania,1991,2.0149157
Tanzania,2000,1.4239137
Tanzania,2007,2.659182
Tanzania,2011,3.1143703
Tanzania,2018,3.29475
Thailand,1981,5.6581154
Thailand,1988,5.9141107
Thailand,1990,6.6133046
Thailand,1992,7.960513
Thailand,1994,8.369533
Thailand,1996,9.088005
Thailand,1998,9.086132
Thailand,1999,8.683803
Thailand,2000,8.566593
Thailand,2002,9.684543
Thailand,2004,10.929816
Thailand,2006,12.251189
Thailand,2007,12.206771
Thailand,2008,12.90028
Thailand,2009,13.342325
Thailand,2010,13.767732
Thailand,2011,13.974327
Thailand,2012,15.064871
Thailand,2013,15.3041935
Thailand,2014,15.277691
Thailand,2015,15.9913435
Thailand,2016,16.005253
Thailand,2017,16.199055
Thailand,2018,15.99203
Thailand,2019,16.043337
Thailand,2020,16.38857
Thailand,2021,16.55982
Togo,2006,2.5395486
Togo,2011,2.662385
Togo,2015,2.7295816
Togo,2018,4.5478725
Togo,2021,4.182062
Tonga,2000,11.346528
Tonga,2009,10.596419
Tonga,2015,8.450248
Tonga,2021,11.405179
Trinidad and Tobago,1988,18.7591
Trinidad and Tobago,1992,13.163193
Tunisia,1985,6.9892507
Tunisia,1990,7.517816
Tunisia,1995,7.65965
Tunisia,2000,9.062096
Tunisia,2005,9.98102
Tunisia,2010,11.659965
Tunisia,2015,13.77579
Tunisia,2021,14.5433
Turkey,1987,10.308279
Turkey,1994,10.539349
Turkey,2002,11.408101
Turkey,2003,10.84496
Turkey,2004,13.327562
Turkey,2005,14.167987
Turkey,2006,14.237841
Turkey,2007,15.0125
Turkey,2008,16.608337
Turkey,2009,16.43421
Turkey,2010,16.712503
Turkey,2011,18.282196
Turkey,2012,18.987917
Turkey,2013,19.759832
Turkey,2014,20.637297
Turkey,2015,20.675306
Turkey,2016,21.68154
Turkey,2017,24.166853
Turkey,2018,24.627281
Turkey,2019,25.160582
Turkey,2020,25.272661
Turkey,2021,27.719055
Turkmenistan,1998,3.3343947
Tuvalu,2010,8.368612
Uganda,1989,2.5569112
Uganda,1992,2.3111165
Uganda,1996,2.30976
Uganda,1999,2.255159
Uganda,2002,2.47758
Uganda,2005,2.7576034
Uganda,2009,3.4219856
Uganda,2012,3.6847277
Uganda,2016,3.5366383
Uganda,2019,3.5261014
Ukraine,1992,7.1726694
Ukraine,1993,7.212834
Ukraine,1995,7.546886
Ukraine,1996,6.3073754
Ukraine,2002,6.8155885
Ukraine,2003,7.630714
Ukraine,2004,8.542663
Ukraine,2005,10.136439
Ukraine,2006,10.973013
Ukraine,2007,10.431301
Ukraine,2008,11.943635
Ukraine,2009,11.064782
Ukraine,2010,11.802624
Ukraine,2011,12.262779
Ukraine,2012,12.772745
Ukraine,2013,13.491664
Ukraine,2014,12.981751
Ukraine,2015,11.70123
Ukraine,2016,11.858196
Ukraine,2017,12.998967
Ukraine,2018,13.589137
Ukraine,2019,14.921345
Ukraine,2020,14.315957
United Arab Emirates,2013,72.45095
United Arab Emirates,2018,78.7759
United Kingdom,1968,20.764677
United Kingdom,1969,21.008791
United Kingdom,1970,21.504177
United Kingdom,1971,21.402864
United Kingdom,1972,22.227068
United Kingdom,1973,24.19995
United Kingdom,1974,24.204908
United Kingdom,1975,23.26493
United Kingdom,1976,22.480993
United Kingdom,1977,21.983622
United Kingdom,1978,23.931898
United Kingdom,1979,24.381998
United Kingdom,1980,25.03532
United Kingdom,1981,24.984406
United Kingdom,1982,27.46212
United Kingdom,1983,26.299812
United Kingdom,1984,27.066801
United Kingdom,1985,28.13959
United Kingdom,1986,30.162918
United Kingdom,1987,32.259426
United Kingdom,1988,34.44765
United Kingdom,1989,34.720493
United Kingdom,1990,36.565243
United Kingdom,1991,36.905094
United Kingdom,1992,35.65019
United Kingdom,1993,35.482574
United Kingdom,1994,38.65419
United Kingdom,1995,38.734726
United Kingdom,1996,40.25667
United Kingdom,1997,41.70549
United Kingdom,1998,43.96361
United Kingdom,1999,45.024086
United Kingdom,2000,49.350037
United Kingdom,2001,49.957417
United Kingdom,2002,48.501163
United Kingdom,2003,49.402187
United Kingdom,2004,51.11588
United Kingdom,2005,52.126556
United Kingdom,2006,53.071316
United Kingdom,2007,52.963966
United Kingdom,2008,53.909813
United Kingdom,2009,53.458054
United Kingdom,2010,52.073654
United Kingdom,2011,50.91064
United Kingdom,2012,50.74094
United Kingdom,2013,51.036324
United Kingdom,2014,52.558216
United Kingdom,2015,53.34826
United Kingdom,2016,53.652676
United Kingdom,2017,53.33393
United Kingdom,2018,54.414948
United Kingdom,2019,55.1571
United Kingdom,2020,54.88639
United Kingdom,2021,55.1607
United States,1963,35.80723
United States,1964,38.026913
United States,1965,39.95972
United States,1966,40.245113
United States,1967,42.56835
United States,1968,44.338013
United States,1969,45.518944
United States,1970,45.73434
United States,1971,46.88108
United States,1972,50.063423
United States,1973,50.964645
United States,1974,49.094585
United States,1975,49.510498
United States,1976,51.057877
United States,1977,51.250553
United States,1978,51.447735
United States,1979,53.058445
United States,1980,50.532875
United States,1981,49.62675
United States,1982,50.399654
United States,1983,52.08658
United States,1984,54.1677
United States,1985,55.23687
United States,1986,56.837135
United States,1987,58.576763
United States,1988,59.53623
United States,1989,60.501953
United States,1990,58.869423
United States,1991,58.2423
United States,1992,58.257824
United States,1993,59.461784
United States,1994,60.505672
United States,1995,61.423683
United States,1996,62.404457
United States,1997,64.22669
United States,1998,65.988625
United States,1999,67.54295
United States,2000,68.31902
United States,2001,68.3013
United States,2002,68.46923
United States,2003,69.50837
United States,2004,69.18687
United States,2005,70.63965
United States,2006,71.8372
United States,2007,71.34874
United States,2008,69.422226
United States,2009,70.325966
United States,2010,68.58147
United States,2011,69.408295
United States,2012,69.663635
United States,2013,69.23313
United States,2014,69.65875
United States,2015,72.29229
United States,2016,75.63145
United States,2017,76.57753
United States,2018,80.58722
United States,2019,85.87598
United States,2020,88.01312
United States,2021,87.72101
United States,2022,82.008934
Uruguay,2006,18.902187
Uruguay,2007,20.617443
Uruguay,2008,22.63719
Uruguay,2009,24.28558
Uruguay,2010,24.382013
Uruguay,2011,26.231472
Uruguay,2012,26.210972
Uruguay,2013,27.272007
Uruguay,2014,28.784693
Uruguay,2015,29.201426
Uruguay,2016,28.659899
Uruguay,2017,29.761408
Uruguay,2018,29.275429
Uruguay,2019,28.779343
Uruguay,2020,26.616138
Uruguay,2021,27.020575
Uruguay,2022,27.78465
Uruguay (urban),1981,20.395178
Uruguay (urban),1989,21.615828
Uruguay (urban),1992,22.898132
Uruguay (urban),1995,23.28859
Uruguay (urban),1996,22.589428
Uruguay (urban),1997,22.719013
Uruguay (urban),1998,24.308434
Uruguay (urban),2000,23.379604
Uruguay (urban),2001,23.555643
Uruguay (urban),2002,21.00878
Uruguay (urban),2003,17.462202
Uruguay (urban),2004,17.704847
Uruguay (urban),2005,18.21202
Uzbekistan,1998,2.455547
Uzbekistan,2000,1.588257
Uzbekistan,2002,1.6854329
Uzbekistan,2003,1.6020383
Uzbekistan,2022,13.633582
Vanuatu,2010,5.2963414
Vanuatu,2019,5.431598
Venezuela,1981,16.597202
Venezuela,1987,14.728345
Venezuela,1989,13.280257
Venezuela,1992,12.210398
Venezuela,1995,9.788246
Venezuela,1998,10.336293
Venezuela,1999,9.326181
Venezuela,2001,9.822706
Venezuela,2002,8.09446
Venezuela,2003,6.8590317
Venezuela,2004,7.6824703
Venezuela,2005,9.619935
Venezuela,2006,11.783377
Vietnam,1992,3.0294383
Vietnam,1997,3.966856
Vietnam,2002,3.8376172
Vietnam,2004,4.5263085
Vietnam,2006,5.053988
Vietnam,2008,5.4580426
Vietnam,2010,9.6244135
Vietnam,2012,9.897621
Vietnam,2014,10.477527
Vietnam,2016,12.099472
Vietnam,2018,13.46041
Vietnam,2020,15.051325
Vietnam,2022,14.262051
Western and Central Africa (PIP),1990,2.8145773
Western and Central Africa (PIP),1991,2.750532
Western and Central Africa (PIP),1992,2.728448
Western and Central Africa (PIP),1993,2.7064466
Western and Central Africa (PIP),1994,2.7170124
Western and Central Africa (PIP),1995,2.750733
Western and Central Africa (PIP),1996,2.8024457
Western and Central Africa (PIP),1997,2.8236558
Western and Central Africa (PIP),1998,2.827053
Western and Central Africa (PIP),1999,2.8395455
Western and Central Africa (PIP),2000,2.8433118
Western and Central Africa (PIP),2001,2.8994842
Western and Central Africa (PIP),2002,2.9887283
Western and Central Africa (PIP),2003,3.0212324
Western and Central Africa (PIP),2004,3.102891
Western and Central Africa (PIP),2005,3.1645925
Western and Central Africa (PIP),2006,3.2230868
Western and Central Africa (PIP),2007,3.2628899
Western and Central Africa (PIP),2008,3.3613234
Western and Central Africa (PIP),2009,3.4110894
Western and Central Africa (PIP),2010,3.5332296
Western and Central Africa (PIP),2011,3.5703607
Western and Central Africa (PIP),2012,3.6916716
Western and Central Africa (PIP),2013,3.7922485
Western and Central Africa (PIP),2014,3.91504
Western and Central Africa (PIP),2015,3.920255
Western and Central Africa (PIP),2016,3.9941404
Western and Central Africa (PIP),2017,4.114811
Western and Central Africa (PIP),2018,4.22505
Western and Central Africa (PIP),2019,4.287152
Western and Central Africa (PIP),2020,4.171133
Western and Central Africa (PIP),2021,4.182179
Western and Central Africa (PIP),2022,4.2035894
Western and Central Africa (PIP),2023,4.2315655
Western and Central Africa (PIP),2024,4.277762
World,1990,11.551202
World,1991,11.469971
World,1992,11.406582
World,1993,11.381083
World,1994,11.538954
World,1995,11.767963
World,1996,11.89708
World,1997,12.054466
World,1998,12.215468
World,1999,12.287494
World,2000,12.593736
World,2001,12.719465
World,2002,12.890273
World,2003,13.110193
World,2004,13.423196
World,2005,13.774598
World,2006,14.1565075
World,2007,14.625306
World,2008,14.774292
World,2009,14.911355
World,2010,15.1450615
World,2011,15.36467
World,2012,15.565524
World,2013,15.825496
World,2014,16.028814
World,2015,16.370085
World,2016,16.762209
World,2017,17.104073
World,2018,17.586563
World,2019,18.052607
World,2020,17.88596
World,2021,18.510206
World,2022,18.656221
World,2023,18.898596
World,2024,19.18457
World (excluding China),1990,
World (excluding China),1991,
World (excluding China),1992,
World (excluding China),1993,
World (excluding China),1994,
World (excluding China),1995,
World (excluding China),1996,
World (excluding China),1997,
World (excluding China),1998,
World (excluding China),1999,
World (excluding China),2000,
World (excluding China),2001,
World (excluding China),2002,
World (excluding China),2003,
World (excluding China),2004,
World (excluding China),2005,
World (excluding China),2006,
World (excluding China),2007,
World (excluding China),2008,
World (excluding China),2009,
World (excluding China),2010,
World (excluding China),2011,
World (excluding China),2012,
World (excluding China),2013,
World (excluding China),2014,
World (excluding China),2015,
World (excluding China),2016,
World (excluding China),2017,
World (excluding China),2018,
World (excluding China),2019,
World (excluding China),2020,
World (excluding China),2021,
World (excluding China),2022,
World (excluding China),2023,
World (excluding China),2024,
World (excluding India),1990,
World (excluding India),1991,
World (excluding India),1992,
World (excluding India),1993,
World (excluding India),1994,
World (excluding India),1995,
World (excluding India),1996,
World (excluding India),1997,
World (excluding India),1998,
World (excluding India),1999,
World (excluding India),2000,
World (excluding India),2001,
World (excluding India),2002,
World (excluding India),2003,
World (excluding India),2004,
World (excluding India),2005,
World (excluding India),2006,
World (excluding India),2007,
World (excluding India),2008,
World (excluding India),2009,
World (excluding India),2010,
World (excluding India),2011,
World (excluding India),2012,
World (excluding India),2013,
World (excluding India),2014,
World (excluding India),2015,
World (excluding India),2016,
World (excluding India),2017,
World (excluding India),2018,
World (excluding India),2019,
World (excluding India),2020,
World (excluding India),2021,
World (excluding India),2022,
World (excluding India),2023,
World (excluding India),2024,
Yemen,1998,6.264341
Yemen,2005,5.205422
Yemen,2014,4.4885445
Zambia,1991,3.1198976
Zambia,1993,2.7997165
Zambia,1996,3.6191838
Zambia,1998,3.5839338
Zambia,2002,2.7326043
Zambia,2004,2.910987
Zambia,2006,2.680506
Zambia,2010,2.680243
Zambia,2015,2.9763262
Zambia,2022,2.5277998
Zimbabwe,2011,5.459878
Zimbabwe,2017,4.409205
Zimbabwe,2019,4.5001917