Country,Year,Median income or consumption per day
Albania,1996,6.9721026
Albania,2002,6.6881413
Albania,2005,7.7997913
Albania,2008,8.4002
Albania,2012,8.240385
Albania,2014,8.295376
Albania,2015,10.043126
Albania,2016,10.274922
Albania,2017,10.187669
Albania,2018,11.6399765
Albania,2019,11.611524
Albania,2020,12.064707
Algeria,1988,5.5539384
Algeria,1995,5.752319
Algeria,2011,8.043594
Angola,2000,4.6733184
Angola,2008,4.7030997
Angola,2018,3.4205022
Argentina (urban),1980,24.830488
Argentina (urban),1986,25.367317
Argentina (urban),1987,22.359615
Argentina (urban),1991,15.114628
Argentina (urban),1992,15.807517
Argentina (urban),1993,16.156162
Argentina (urban),1994,15.622388
Argentina (urban),1995,14.441226
Argentina (urban),1996,13.854637
Argentina (urban),1997,14.835679
Argentina (urban),1998,13.572867
Argentina (urban),1999,13.479605
Argentina (urban),2000,12.820309
Argentina (urban),2001,11.441448
Argentina (urban),2002,7.848625
Argentina (urban),2003,11.572903
Argentina (urban),2004,13.4154825
Argentina (urban),2005,14.883712
Argentina (urban),2006,17.003906
Argentina (urban),2007,17.583319
Argentina (urban),2008,18.386515
Argentina (urban),2009,19.652662
Argentina (urban),2010,20.200413
Argentina (urban),2011,21.535973
Argentina (urban),2012,21.84913
Argentina (urban),2013,22.084642
Argentina (urban),2014,20.105286
Argentina (urban),2016,20.881012
Argentina (urban),2017,21.996168
Argentina (urban),2018,19.941988
Argentina (urban),2019,18.919567
Argentina (urban),2020,16.616943
Argentina (urban),2021,17.896223
Argentina (urban),2022,17.290493
Armenia,1999,3.9263155
Armenia,2001,3.7717013
Armenia,2002,3.9557726
Armenia,2003,4.167549
Armenia,2004,4.830017
Armenia,2005,5.4379992
Armenia,2006,5.8377285
Armenia,2007,6.3974786
Armenia,2008,6.6593184
Armenia,2009,5.956918
Armenia,2010,5.9216743
Armenia,2011,6.1817684
Armenia,2012,6.37294
Armenia,2013,6.597413
Armenia,2014,6.7330723
Armenia,2015,7.1080394
Armenia,2016,7.7114472
Armenia,2017,6.9698253
Armenia,2018,6.9356084
Armenia,2019,6.713989
Armenia,2020,6.619426
Armenia,2021,6.7418895
Armenia,2022,6.7156725
Australia,1981,32.32216
Australia,1985,32.708267
Australia,1989,33.693123
Australia,1995,31.018078
Australia,2001,35.176933
Australia,2003,36.377586
Australia,2004,39.830036
Australia,2008,48.249416
Australia,2010,49.001587
Australia,2014,52.274582
Australia,2016,51.968037
Australia,2018,53.050495
Austria,1994,44.72875
Austria,1995,44.657364
Austria,1996,42.95575
Austria,1997,43.246304
Austria,1998,43.76893
Austria,1999,46.104816
Austria,2000,44.952507
Austria,2003,47.833397
Austria,2004,50.183907
Austria,2005,48.654762
Austria,2006,48.87515
Austria,2007,51.080627
Austria,2008,52.83893
Austria,2009,53.982433
Austria,2010,54.96537
Austria,2011,53.49292
Austria,2012,52.69723
Austria,2013,54.359097
Austria,2014,54.46112
Austria,2015,54.984207
Austria,2016,56.993645
Austria,2017,57.028057
Austria,2018,56.41074
Austria,2019,57.64287
Austria,2020,59.103535
Austria,2021,58.25852
Azerbaijan,1995,4.3125057
Azerbaijan,2001,4.9036164
Azerbaijan,2002,6.949713
Azerbaijan,2003,7.2452493
Azerbaijan,2004,7.2914386
Azerbaijan,2005,8.059334
Bangladesh,1983,2.4591537
Bangladesh,1985,2.6133678
Bangladesh,1988,2.3593562
Bangladesh,1991,2.3533928
Bangladesh,1995,2.590331
Bangladesh,2000,2.6613784
Bangladesh,2005,2.960369
Bangladesh,2010,3.2445064
Bangladesh,2016,3.5797248
Bangladesh,2022,4.7816916
Belarus,1998,3.3103294
Belarus,1999,3.5744078
Belarus,2000,3.9803197
Belarus,2001,4.956196
Belarus,2002,5.457107
Belarus,2003,5.732067
Belarus,2004,6.5614953
Belarus,2005,8.031095
Belarus,2006,9.207119
Belarus,2007,10.385712
Belarus,2008,11.016583
Belarus,2009,11.158714
Belarus,2010,12.327235
Belarus,2011,12.923373
Belarus,2012,14.584608
Belarus,2013,16.063587
Belarus,2014,16.63947
Belarus,2015,15.229697
Belarus,2016,14.546709
Belarus,2017,14.996151
Belarus,2018,16.049614
Belarus,2019,17.134323
Belarus,2020,17.238052
Belgium,1985,30.986668
Belgium,1988,32.627075
Belgium,1992,35.408348
Belgium,1995,40.99495
Belgium,1997,40.669365
Belgium,2000,44.315655
Belgium,2003,43.70565
Belgium,2004,45.123596
Belgium,2005,45.8229
Belgium,2006,45.90988
Belgium,2007,46.368534
Belgium,2008,47.268734
Belgium,2009,47.95934
Belgium,2010,48.20654
Belgium,2011,47.534985
Belgium,2012,48.920853
Belgium,2013,48.95173
Belgium,2014,49.06411
Belgium,2015,50.48832
Belgium,2016,49.966892
Belgium,2017,50.10646
Belgium,2018,51.246574
Belgium,2019,52.628468
Belgium,2020,53.04003
Belgium,2021,54.49564
Belize,1993,5.237858
Belize,1994,4.951904
Belize,1996,4.3148103
Belize,1997,4.2657948
Belize,1998,4.305977
Belize,1999,4.6116567
Benin,2003,2.0626218
Benin,2011,1.9899166
Benin,2015,2.1238961
Benin,2018,3.4818325
Benin,2021,4.0014644
Bhutan,2003,4.2329755
Bhutan,2007,5.508203
Bhutan,2012,7.3806167
Bhutan,2017,8.255591
Bhutan,2022,13.86247
Bolivia,1997,7.440847
Bolivia,1999,6.8437214
Bolivia,2000,5.8185744
Bolivia,2001,6.562533
Bolivia,2002,6.2373767
Bolivia,2004,7.4573827
Bolivia,2005,7.4574056
Bolivia,2006,8.277175
Bolivia,2007,8.7065
Bolivia,2008,10.072595
Bolivia,2009,11.384946
Bolivia,2011,12.864443
Bolivia,2012,13.299046
Bolivia,2013,14.28673
Bolivia,2014,14.180519
Bolivia,2015,13.984007
Bolivia,2016,13.803614
Bolivia,2017,14.065414
Bolivia,2018,14.1270895
Bolivia,2019,14.692894
Bolivia,2020,14.018767
Bolivia,2021,14.911999
Bolivia (urban),1990,7.975683
Bolivia (urban),1992,5.7808537
Bosnia and Herzegovina,2001,11.426371
Bosnia and Herzegovina,2004,16.501049
Bosnia and Herzegovina,2007,18.299322
Bosnia and Herzegovina,2011,17.60119
Botswana,1985,2.6256688
Botswana,1993,3.1921732
Botswana,2002,3.6787395
Botswana,2009,5.1577854
Botswana,2015,4.842955
Brazil,1981,4.370307
Brazil,1982,4.4011617
Brazil,1983,3.6131256
Brazil,1984,3.637219
Brazil,1985,4.141202
Brazil,1986,6.9439473
Brazil,1987,5.2981124
Brazil,1988,4.9665246
Brazil,1989,5.3467674
Brazil,1990,4.6084123
Brazil,1992,4.6344748
Brazil,1993,4.7638736
Brazil,1995,6.327705
Brazil,1996,6.424778
Brazil,1997,6.354686
Brazil,1998,6.5905085
Brazil,1999,6.3355803
Brazil,2001,7.211707
Brazil,2002,7.3051834
Brazil,2003,7.105482
Brazil,2004,7.32527
Brazil,2005,7.7487807
Brazil,2006,8.441198
Brazil,2007,9.044376
Brazil,2008,9.672678
Brazil,2009,10.10386
Brazil,2011,11.125909
Brazil,2012,11.778716
Brazil,2013,12.388895
Brazil,2014,12.816304
Brazil,2015,12.494716
Brazil,2016,12.131994
Brazil,2017,12.197561
Brazil,2018,12.480014
Brazil,2019,12.878389
Brazil,2020,13.48168
Brazil,2021,11.585374
Brazil,2022,12.991237
Bulgaria,1992,18.320246
Bulgaria,2006,9.502101
Bulgaria,2007,12.863037
Bulgaria,2008,14.656129
Bulgaria,2009,15.459045
Bulgaria,2010,14.574066
Bulgaria,2011,13.78208
Bulgaria,2012,14.050603
Bulgaria,2013,15.684114
Bulgaria,2014,16.27757
Bulgaria,2015,15.466485
Bulgaria,2016,17.697788
Bulgaria,2017,17.449934
Bulgaria,2018,19.6149
Bulgaria,2019,20.862291
Bulgaria,2020,22.822475
Bulgaria,2021,23.402508
Burkina Faso,1994,0.9570869
Burkina Faso,1998,1.1634978
Burkina Faso,2003,1.8926255
Burkina Faso,2009,2.0532246
Burkina Faso,2014,2.4483566
Burkina Faso,2018,2.8839324
Burkina Faso,2021,3.1207023
Burundi,1992,1.4647664
Burundi,1998,1.2539656
Burundi,2006,1.5327443
Burundi,2013,1.7007565
Burundi,2020,1.795875
Cameroon,1996,2.1134253
Cameroon,2001,3.3056624
Cameroon,2007,3.0545666
Cameroon,2014,3.8891785
Cameroon,2021,3.9085712
Canada,1971,26.170103
Canada,1973,30.229498
Canada,1975,33.86768
Canada,1977,36.192837
Canada,1979,37.65416
Canada,1981,39.20887
Canada,1982,38.403385
Canada,1984,38.48741
Canada,1985,39.502964
Canada,1986,39.77684
Canada,1987,40.707153
Canada,1988,41.531765
Canada,1989,42.7209
Canada,1990,42.648903
Canada,1991,40.92271
Canada,1992,41.456566
Canada,1993,40.266376
Canada,1994,41.187332
Canada,1995,41.136482
Canada,1996,38.740196
Canada,1997,39.223557
Canada,1998,40.425865
Canada,1999,41.838104
Canada,2000,42.881
Canada,2001,44.212887
Canada,2002,44.505993
Canada,2003,44.577
Canada,2004,45.6491
Canada,2005,46.94165
Canada,2006,47.37079
Canada,2007,49.39322
Canada,2008,50.576733
Canada,2009,50.8006
Canada,2010,50.96299
Canada,2011,51.711906
Canada,2012,52.57174
Canada,2013,53.529934
Canada,2014,53.804523
Canada,2015,53.67829
Canada,2016,53.84606
Canada,2017,55.422237
Canada,2018,55.67319
Canada,2019,56.303295
Cape Verde,2001,4.275831
Cape Verde,2007,5.3311977
Cape Verde,2015,6.7278094
Central African Republic,1992,0.69003725
Central African Republic,2008,1.675035
Central African Republic,2021,1.5665926
Chad,2003,1.8461195
Chad,2011,2.8371365
Chad,2018,2.8793948
Chad,2022,3.106669
Chile,1987,5.118264
Chile,1990,5.951519
Chile,1992,6.73091
Chile,1994,7.3085713
Chile,1996,8.186566
Chile,1998,8.689635
Chile,2000,8.158404
Chile,2003,8.312335
Chile,2006,10.168835
Chile,2009,10.983946
Chile,2011,11.765435
Chile,2013,14.373943
Chile,2015,15.574657
Chile,2017,17.074636
Chile,2020,16.724894
Chile,2022,19.984573
China,1981,1.0197082
China,1984,1.3918698
China,1987,1.6886042
China,1990,1.5474635
China,1993,1.6901625
China,1996,2.2122352
China,1999,2.3027816
China,2002,2.7932117
China,2005,3.711955
China,2008,4.5048256
China,2010,5.2375927
China,2011,5.731477
China,2012,6.3185043
China,2013,7.222071
China,2014,7.8903756
China,2015,8.504072
China,2016,9.0614605
China,2017,9.4807005
China,2018,10.162936
China,2019,10.724763
China,2020,10.393845
China,2021,12.008236
China (rural),1981,0.9098797
China (rural),1984,1.2338008
China (rural),1987,1.4724725
China (rural),1990,1.3508725
China (rural),1993,1.4328163
China (rural),1996,1.8251053
China (rural),1999,1.7890319
China (rural),2002,1.9958595
China (rural),2005,2.6710398
China (rural),2008,2.919748
China (rural),2010,3.2371907
China (rural),2011,3.6559443
China (rural),2012,3.9753098
China (rural),2013,5.2005835
China (rural),2014,5.732667
China (rural),2015,6.200803
China (rural),2016,6.597914
China (rural),2017,6.925223
China (rural),2018,7.598118
China (rural),2019,8.099284
China (rural),2020,8.049114
China (rural),2021,9.570849
China (urban),1981,1.8151112
China (urban),1984,2.0720289
China (urban),1987,2.493926
China (urban),1990,2.420027
China (urban),1993,2.9132776
China (urban),1996,3.3721707
China (urban),1999,3.8442125
China (urban),2002,4.878544
China (urban),2005,5.975794
China (urban),2008,7.2013135
China (urban),2010,8.230119
China (urban),2011,8.672888
China (urban),2012,9.346595
China (urban),2013,10.010301
China (urban),2014,10.712963
China (urban),2015,11.298713
China (urban),2016,11.900399
China (urban),2017,12.260276
China (urban),2018,12.847616
China (urban),2019,13.339386
China (urban),2020,12.516929
China (urban),2021,14.086994
Colombia,1992,6.283644
Colombia,1996,5.286576
Colombia,1999,4.8692694
Colombia,2000,5.349044
Colombia,2001,4.5874567
Colombia,2002,5.704443
Colombia,2003,5.7759633
Colombia,2004,5.7898264
Colombia,2005,6.336102
Colombia,2008,7.12171
Colombia,2009,7.2957015
Colombia,2010,7.759391
Colombia,2011,8.259432
Colombia,2012,8.625676
Colombia,2013,9.095704
Colombia,2014,9.52309
Colombia,2015,9.6515
Colombia,2016,9.6227665
Colombia,2017,9.6866255
Colombia,2018,9.7151575
Colombia,2019,9.615213
Colombia,2020,8.116921
Colombia,2021,8.88948
Colombia,2022,9.6840725
Colombia (urban),1980,5.1878
Colombia (urban),1988,6.2121196
Colombia (urban),1989,6.036471
Colombia (urban),1991,6.519448
Comoros,2004,4.651558
Comoros,2014,4.389313
Congo,2005,2.163706
Congo,2011,2.9803798
Costa Rica,1981,4.1702385
Costa Rica,1986,5.5440626
Costa Rica,1989,7.233717
Costa Rica,1990,7.39594
Costa Rica,1991,6.6914053
Costa Rica,1992,7.0608754
Costa Rica,1993,8.131675
Costa Rica,1994,9.054862
Costa Rica,1995,8.799932
Costa Rica,1996,8.207078
Costa Rica,1997,8.786831
Costa Rica,1998,9.675799
Costa Rica,1999,9.177522
Costa Rica,2000,9.173735
Costa Rica,2001,11.283708
Costa Rica,2002,11.292333
Costa Rica,2003,11.772515
Costa Rica,2004,11.172638
Costa Rica,2005,11.685542
Costa Rica,2006,11.729439
Costa Rica,2007,12.942212
Costa Rica,2008,13.198342
Costa Rica,2009,14.013057
Costa Rica,2010,14.853402
Costa Rica,2011,15.325219
Costa Rica,2012,15.847805
Costa Rica,2013,15.7473955
Costa Rica,2014,15.833556
Costa Rica,2015,15.757311
Costa Rica,2016,16.407978
Costa Rica,2017,16.567549
Costa Rica,2018,16.596836
Costa Rica,2019,16.231756
Costa Rica,2020,13.882614
Costa Rica,2021,15.924461
Costa Rica,2022,15.86023
Costa Rica,2023,17.262701
Cote d'Ivoire,1985,6.121228
Cote d'Ivoire,1986,5.6078525
Cote d'Ivoire,1987,4.9941835
Cote d'Ivoire,1988,4.098196
Cote d'Ivoire,1992,3.286474
Cote d'Ivoire,1995,3.309932
Cote d'Ivoire,1998,2.9137578
Cote d'Ivoire,2008,2.8471425
Cote d'Ivoire,2015,2.8561695
Cote d'Ivoire,2018,4.3492
Cote d'Ivoire,2021,4.336595
Croatia,1988,21.716932
Croatia,2009,21.05368
Croatia,2010,19.43167
Croatia,2011,18.969696
Croatia,2012,17.751776
Croatia,2013,17.849712
Croatia,2014,18.790659
Croatia,2015,20.075865
Croatia,2016,21.651611
Croatia,2017,22.925236
Croatia,2018,24.305866
Croatia,2019,26.120905
Croatia,2020,26.997786
Croatia,2021,28.754229
Cyprus,2004,38.08545
Cyprus,2005,40.335056
Cyprus,2006,43.80927
Cyprus,2007,44.050514
Cyprus,2008,43.41868
Cyprus,2009,42.41863
Cyprus,2010,43.2975
Cyprus,2011,42.249027
Cyprus,2012,39.07879
Cyprus,2013,35.86818
Cyprus,2014,34.830708
Cyprus,2015,36.2929
Cyprus,2016,37.757587
Cyprus,2017,39.636055
Cyprus,2018,41.382294
Cyprus,2019,43.203327
Cyprus,2020,43.550587
Cyprus,2021,45.669167
Czechia,1992,16.963173
Czechia,1993,16.965603
Czechia,1996,20.042097
Czechia,2002,22.1924
Czechia,2004,23.692728
Czechia,2005,24.507227
Czechia,2006,25.764994
Czechia,2007,27.03176
Czechia,2008,27.59587
Czechia,2009,28.180857
Czechia,2010,28.19305
Czechia,2011,28.464462
Czechia,2012,27.92027
Czechia,2013,27.9421
Czechia,2014,28.482159
Czechia,2015,29.77056
Czechia,2016,30.658865
Czechia,2017,31.669296
Czechia,2018,32.993126
Czechia,2019,34.56493
Czechia,2020,35.212753
Czechia,2021,36.751797
Democratic Republic of Congo,2004,0.71384877
Democratic Republic of Congo,2012,1.4633274
Democratic Republic of Congo,2020,1.1797127
Denmark,1987,43.281544
Denmark,1992,43.366474
Denmark,1995,44.878983
Denmark,2000,47.60297
Denmark,2003,45.959854
Denmark,2004,47.13086
Denmark,2005,47.274868
Denmark,2006,48.179382
Denmark,2007,48.959774
Denmark,2008,49.2378
Denmark,2009,49.86184
Denmark,2010,51.45856
Denmark,2011,50.253574
Denmark,2012,49.759304
Denmark,2013,50.61715
Denmark,2014,51.012444
Denmark,2015,51.132122
Denmark,2016,52.612034
Denmark,2017,53.34849
Denmark,2018,54.510185
Denmark,2019,54.0801
Denmark,2020,56.418724
Denmark,2021,57.08956
Djibouti,2002,3.5462775
Djibouti,2012,4.1606364
Djibouti,2013,3.7488816
Djibouti,2017,4.0851326
Dominican Republic,1986,9.039833
Dominican Republic,1989,4.8778996
Dominican Republic,1992,6.5160403
Dominican Republic,1996,7.946932
Dominican Republic,1997,8.5769615
Dominican Republic,2000,8.467488
Dominican Republic,2001,8.373159
Dominican Republic,2002,8.314103
Dominican Republic,2003,6.9345694
Dominican Republic,2004,5.8845787
Dominican Republic,2005,7.087676
Dominican Republic,2006,7.7355604
Dominican Republic,2007,7.604998
Dominican Republic,2008,7.3883066
Dominican Republic,2009,7.8710957
Dominican Republic,2010,8.029945
Dominican Republic,2011,8.150972
Dominican Republic,2012,8.053047
Dominican Republic,2013,8.262238
Dominican Republic,2014,9.152832
Dominican Republic,2015,9.981743
Dominican Republic,2016,10.685526
Dominican Republic,2017,10.526615
Dominican Republic,2018,11.221108
Dominican Republic,2019,11.802383
Dominican Republic,2020,10.754667
Dominican Republic,2021,10.5664
Dominican Republic,2022,11.336495
East Asia and Pacific (PIP),1990,1.69
East Asia and Pacific (PIP),1991,1.73
East Asia and Pacific (PIP),1992,1.78
East Asia and Pacific (PIP),1993,1.83
East Asia and Pacific (PIP),1994,2.02
East Asia and Pacific (PIP),1995,2.18
East Asia and Pacific (PIP),1996,2.34
East Asia and Pacific (PIP),1997,2.36
East Asia and Pacific (PIP),1998,2.32
East Asia and Pacific (PIP),1999,2.46
East Asia and Pacific (PIP),2000,2.58
East Asia and Pacific (PIP),2001,2.72
East Asia and Pacific (PIP),2002,2.96
East Asia and Pacific (PIP),2003,3.18
East Asia and Pacific (PIP),2004,3.42
East Asia and Pacific (PIP),2005,3.7
East Asia and Pacific (PIP),2006,3.86
East Asia and Pacific (PIP),2007,4.16
East Asia and Pacific (PIP),2008,4.36
East Asia and Pacific (PIP),2009,4.66
East Asia and Pacific (PIP),2010,5.1
East Asia and Pacific (PIP),2011,5.5
East Asia and Pacific (PIP),2012,5.95
East Asia and Pacific (PIP),2013,6.7
East Asia and Pacific (PIP),2014,7.2
East Asia and Pacific (PIP),2015,7.65
East Asia and Pacific (PIP),2016,8.15
East Asia and Pacific (PIP),2017,8.55
East Asia and Pacific (PIP),2018,9.05
East Asia and Pacific (PIP),2019,9.5
East Asia and Pacific (PIP),2020,9.3
East Asia and Pacific (PIP),2021,10.4
East Asia and Pacific (PIP),2022,10.5
East Asia and Pacific (PIP),2023,10.8
East Asia and Pacific (PIP),2024,11.2
East Timor,2001,2.4786775
East Timor,2007,2.3936632
East Timor,2014,2.8969195
Eastern and Southern Africa (PIP),1990,1.96
Eastern and Southern Africa (PIP),1991,1.89
Eastern and Southern Africa (PIP),1992,1.84
Eastern and Southern Africa (PIP),1993,1.79
Eastern and Southern Africa (PIP),1994,1.77
Eastern and Southern Africa (PIP),1995,1.81
Eastern and Southern Africa (PIP),1996,1.85
Eastern and Southern Africa (PIP),1997,1.86
Eastern and Southern Africa (PIP),1998,1.86
Eastern and Southern Africa (PIP),1999,1.86
Eastern and Southern Africa (PIP),2000,1.87
Eastern and Southern Africa (PIP),2001,1.89
Eastern and Southern Africa (PIP),2002,1.87
Eastern and Southern Africa (PIP),2003,1.91
Eastern and Southern Africa (PIP),2004,2.06
Eastern and Southern Africa (PIP),2005,2.14
Eastern and Southern Africa (PIP),2006,2.22
Eastern and Southern Africa (PIP),2007,2.28
Eastern and Southern Africa (PIP),2008,2.34
Eastern and Southern Africa (PIP),2009,2.36
Eastern and Southern Africa (PIP),2010,2.42
Eastern and Southern Africa (PIP),2011,2.48
Eastern and Southern Africa (PIP),2012,2.5
Eastern and Southern Africa (PIP),2013,2.54
Eastern and Southern Africa (PIP),2014,2.54
Eastern and Southern Africa (PIP),2015,2.54
Eastern and Southern Africa (PIP),2016,2.52
Eastern and Southern Africa (PIP),2017,2.5
Eastern and Southern Africa (PIP),2018,2.48
Eastern and Southern Africa (PIP),2019,2.48
Eastern and Southern Africa (PIP),2020,2.42
Eastern and Southern Africa (PIP),2021,2.42
Eastern and Southern Africa (PIP),2022,2.46
Eastern and Southern Africa (PIP),2023,2.46
Eastern and Southern Africa (PIP),2024,2.48
Ecuador,1994,4.982338
Ecuador,1999,4.503047
Ecuador,2000,3.6287086
Ecuador,2003,5.7134266
Ecuador,2004,5.596546
Ecuador,2005,6.7482285
Ecuador,2006,7.506095
Ecuador,2007,7.640722
Ecuador,2008,8.004316
Ecuador,2009,7.8690653
Ecuador,2010,8.657102
Ecuador,2011,9.539067
Ecuador,2012,10.310091
Ecuador,2013,10.239714
Ecuador,2014,10.770401
Ecuador,2015,10.667513
Ecuador,2016,10.725599
Ecuador,2017,11.1746645
Ecuador,2018,10.939679
Ecuador,2019,10.678475
Ecuador,2020,9.163351
Ecuador,2021,10.100934
Ecuador,2022,10.6552725
Ecuador,2023,10.501099
Ecuador (urban),1987,5.5566874
Ecuador (urban),1995,5.1168957
Ecuador (urban),1998,4.7041526
Egypt,1990,4.4934025
Egypt,1995,4.389682
Egypt,1999,5.274808
Egypt,2004,4.691417
Egypt,2008,4.773144
Egypt,2010,5.3414063
Egypt,2012,5.58704
Egypt,2015,5.8058734
Egypt,2017,5.065631
Egypt,2019,5.422779
El Salvador,1989,5.6939964
El Salvador,1991,4.7180753
El Salvador,1995,5.8376045
El Salvador,1996,5.6633472
El Salvador,1998,5.6431036
El Salvador,1999,5.9517417
El Salvador,2000,6.711727
El Salvador,2001,6.4419026
El Salvador,2002,6.446985
El Salvador,2003,6.309293
El Salvador,2004,6.5228386
El Salvador,2005,6.5922804
El Salvador,2006,6.794314
El Salvador,2007,7.201734
El Salvador,2008,6.7156467
El Salvador,2009,6.800109
El Salvador,2010,6.9706388
El Salvador,2011,6.854189
El Salvador,2012,7.2050815
El Salvador,2013,7.764702
El Salvador,2014,7.733603
El Salvador,2015,8.078951
El Salvador,2016,8.388868
El Salvador,2017,8.6307745
El Salvador,2018,9.232857
El Salvador,2019,9.886846
El Salvador,2021,10.265134
El Salvador,2022,10.355628
Estonia,1993,9.392242
Estonia,2003,12.298609
Estonia,2004,13.91504
Estonia,2005,15.919821
Estonia,2006,18.66036
Estonia,2007,21.596106
Estonia,2008,22.176426
Estonia,2009,21.165781
Estonia,2010,20.074387
Estonia,2011,20.189465
Estonia,2012,21.242819
Estonia,2013,22.326656
Estonia,2014,24.375458
Estonia,2015,26.660093
Estonia,2016,29.068659
Estonia,2017,31.21282
Estonia,2018,33.238235
Estonia,2019,34.645023
Estonia,2020,35.998894
Estonia,2021,40.0546
Eswatini,1994,0.7474036
Eswatini,2000,1.9134078
Eswatini,2009,2.1832268
Eswatini,2016,2.9537303
Ethiopia,1995,1.5852412
Ethiopia,1999,1.9565111
Ethiopia,2004,2.634626
Ethiopia,2010,2.7604105
Ethiopia,2015,3.0618846
Ethiopia (rural),1981,1.6483136
Europe and Central Asia (PIP),1990,10.2
Europe and Central Asia (PIP),1991,9.5
Europe and Central Asia (PIP),1992,8.7
Europe and Central Asia (PIP),1993,7.7
Europe and Central Asia (PIP),1994,7.05
Europe and Central Asia (PIP),1995,7.95
Europe and Central Asia (PIP),1996,7.35
Europe and Central Asia (PIP),1997,7.7
Europe and Central Asia (PIP),1998,7.65
Europe and Central Asia (PIP),1999,6.5
Europe and Central Asia (PIP),2000,7.05
Europe and Central Asia (PIP),2001,7.5
Europe and Central Asia (PIP),2002,7.9
Europe and Central Asia (PIP),2003,8.15
Europe and Central Asia (PIP),2004,8.95
Europe and Central Asia (PIP),2005,9.6
Europe and Central Asia (PIP),2006,10.4
Europe and Central Asia (PIP),2007,11.2
Europe and Central Asia (PIP),2008,12.4
Europe and Central Asia (PIP),2009,12.2
Europe and Central Asia (PIP),2010,12.7
Europe and Central Asia (PIP),2011,13.2
Europe and Central Asia (PIP),2012,13.5
Europe and Central Asia (PIP),2013,13.9
Europe and Central Asia (PIP),2014,14.1
Europe and Central Asia (PIP),2015,13.9
Europe and Central Asia (PIP),2016,14
Europe and Central Asia (PIP),2017,14.6
Europe and Central Asia (PIP),2018,14.8
Europe and Central Asia (PIP),2019,15.3
Europe and Central Asia (PIP),2020,16.2
Europe and Central Asia (PIP),2021,19.3
Europe and Central Asia (PIP),2022,20
Europe and Central Asia (PIP),2023,20.3
Europe and Central Asia (PIP),2024,20.8
Fiji,2002,7.440474
Fiji,2008,7.815553
Fiji,2013,8.090505
Fiji,2019,6.643387
Finland,1987,32.77302
Finland,1991,36.43524
Finland,1995,33.169247
Finland,2000,37.502197
Finland,2003,39.577423
Finland,2004,40.983616
Finland,2005,42.76982
Finland,2006,43.454365
Finland,2007,44.85182
Finland,2008,45.46987
Finland,2009,46.955692
Finland,2010,47.399937
Finland,2011,47.498127
Finland,2012,47.983444
Finland,2013,47.89649
Finland,2014,47.833168
Finland,2015,48.046368
Finland,2016,48.600227
Finland,2017,49.616215
Finland,2018,50.38814
Finland,2019,51.2622
Finland,2020,51.20899
Finland,2021,51.83912
France,1970,19.765087
France,1975,25.53487
France,1979,30.385605
France,1984,32.70681
France,1990,35.088875
France,1996,38.12038
France,1997,38.36444
France,1998,39.286854
France,1999,39.746666
France,2000,40.710247
France,2001,41.765644
France,2002,42.83721
France,2003,39.631977
France,2004,40.651966
France,2005,40.45696
France,2006,40.229687
France,2007,46.39058
France,2008,46.970753
France,2009,48.217815
France,2010,47.33909
France,2011,47.598377
France,2012,47.513657
France,2013,47.404404
France,2014,48.543087
France,2015,49.097523
France,2016,49.76317
France,2017,49.441666
France,2018,49.589756
France,2019,48.568478
France,2020,50.13696
France,2021,49.779552
Gabon,2005,6.2319274
Gabon,2017,9.673192
Gambia,1998,1.2369685
Gambia,2003,2.1244833
Gambia,2010,3.1114526
Gambia,2015,3.952387
Gambia,2020,3.8196523
Georgia,1996,6.6368895
Georgia,1997,4.327405
Georgia,1998,4.4343123
Georgia,1999,3.8492439
Georgia,2000,3.677442
Georgia,2001,3.5107539
Georgia,2002,4.640865
Georgia,2003,4.6719556
Georgia,2004,4.8884845
Georgia,2005,4.720846
Georgia,2006,4.6231885
Georgia,2007,4.4778676
Georgia,2008,4.8266897
Georgia,2009,4.76619
Georgia,2010,4.718827
Georgia,2011,4.870391
Georgia,2012,5.297253
Georgia,2013,5.7314773
Georgia,2014,6.118881
Georgia,2015,6.1822953
Georgia,2016,6.2393446
Georgia,2017,6.3935785
Georgia,2018,6.437006
Georgia,2019,6.429443
Georgia,2020,6.031012
Georgia,2021,6.3433757
Georgia,2022,7.081152
Germany,1991,43.766983
Germany,1992,44.70033
Germany,1993,44.71723
Germany,1994,44.69215
Germany,1995,45.28547
Germany,1996,45.95136
Germany,1997,45.00137
Germany,1998,46.112194
Germany,1999,47.15036
Germany,2000,48.093624
Germany,2001,47.080074
Germany,2002,48.10479
Germany,2003,47.887238
Germany,2004,48.102936
Germany,2005,47.435028
Germany,2006,47.92012
Germany,2007,48.360687
Germany,2008,48.48059
Germany,2009,49.221596
Germany,2010,49.51838
Germany,2011,49.248184
Germany,2012,49.328674
Germany,2013,49.55245
Germany,2014,50.216045
Germany,2015,51.525517
Germany,2016,53.256718
Germany,2017,53.37248
Germany,2018,54.962208
Germany,2019,55.75502
Germany,2020,59.369686
Ghana,1987,1.8976072
Ghana,1988,1.9164556
Ghana,1991,1.699323
Ghana,1998,1.971179
Ghana,2005,2.476591
Ghana,2012,3.5266793
Ghana,2016,3.7379272
Greece,1995,23.154718
Greece,2000,26.624104
Greece,2003,31.055803
Greece,2004,32.26922
Greece,2005,32.114094
Greece,2006,32.512054
Greece,2007,34.021633
Greece,2008,34.42967
Greece,2009,35.20679
Greece,2010,30.598398
Greece,2011,25.850245
Greece,2012,22.158981
Greece,2013,20.860281
Greece,2014,20.845242
Greece,2015,21.11429
Greece,2016,21.675865
Greece,2017,22.089748
Greece,2018,22.959246
Greece,2019,24.61295
Greece,2020,24.813005
Greece,2021,26.430964
Grenada,2018,14.055036
Guatemala,1986,2.1663492
Guatemala,1989,3.1486115
Guatemala,1998,6.06021
Guatemala,2000,6.8622327
Guatemala,2006,7.086735
Guatemala,2014,6.169567
Guinea,1991,0.75929207
Guinea,1994,2.587182
Guinea,2002,2.0106838
Guinea,2007,2.2156093
Guinea,2012,3.1398177
Guinea,2018,3.8037891
Guinea-Bissau,1991,2.648225
Guinea-Bissau,1993,2.5515096
Guinea-Bissau,2002,2.0370996
Guinea-Bissau,2010,1.5815208
Guinea-Bissau,2018,3.3135962
Guinea-Bissau,2021,3.1120498
Guyana,1992,3.2769272
Guyana,1998,6.042705
Haiti,2001,1.363829
Haiti,2012,1.7051569
Honduras,1989,2.8075802
Honduras,1990,2.6529462
Honduras,1991,3.3469908
Honduras,1992,3.6398325
Honduras,1993,4.2602606
Honduras,1994,4.1901064
Honduras,1995,4.022335
Honduras,1996,3.7753675
Honduras,1997,4.891482
Honduras,1998,4.791288
Honduras,1999,4.522653
Honduras,2001,5.883974
Honduras,2002,5.017737
Honduras,2003,4.414223
Honduras,2004,4.5683722
Honduras,2005,4.8884583
Honduras,2006,5.7077713
Honduras,2007,6.1642327
Honduras,2008,6.632153
Honduras,2009,7.1321936
Honduras,2010,6.622419
Honduras,2011,6.632304
Honduras,2012,5.79868
Honduras,2013,6.192532
Honduras,2014,6.3491073
Honduras,2015,6.3770227
Honduras,2016,6.7733355
Honduras,2017,6.6780944
Honduras,2018,6.6853375
Honduras,2019,6.9277115
Honduras (urban),1986,2.1822817
Hungary,1987,19.854742
Hungary,1989,9.03814
Hungary,1991,16.768406
Hungary,1993,13.527892
Hungary,1994,14.515339
Hungary,1999,13.560329
Hungary,2004,16.615314
Hungary,2005,17.48233
Hungary,2006,18.14108
Hungary,2007,17.756493
Hungary,2008,18.339064
Hungary,2009,17.701609
Hungary,2010,17.87068
Hungary,2011,18.23781
Hungary,2012,17.029804
Hungary,2013,17.361834
Hungary,2014,18.448183
Hungary,2015,19.396135
Hungary,2016,20.264921
Hungary,2017,21.579445
Hungary,2018,23.00955
Hungary,2019,24.764103
Hungary,2020,26.530985
Hungary,2021,28.789747
Iceland,2003,41.73692
Iceland,2004,41.559975
Iceland,2005,43.300087
Iceland,2006,48.35021
Iceland,2007,51.662567
Iceland,2008,52.556797
Iceland,2009,46.479355
Iceland,2010,42.810787
Iceland,2011,42.878994
Iceland,2012,43.25192
Iceland,2013,44.56499
Iceland,2014,46.090725
Iceland,2015,49.460754
Iceland,2016,53.00756
Iceland,2017,56.521667
India,1977,1.7959436
India,1983,1.9754022
India,1987,2.1251733
India,1993,2.2024786
India,2004,2.4073858
India,2009,2.6323438
India,2011,3.0560212
India,2015,3.184855
India,2016,3.226763
India,2017,3.4568484
India,2018,3.795692
India,2019,3.9986305
India,2020,3.7355728
India,2021,3.9418383
India (rural),1977,1.6977705
India (rural),1983,1.8577834
India (rural),1987,2.0224416
India (rural),1993,2.0695968
India (rural),2004,2.265
India (rural),2009,2.4546466
India (rural),2011,2.8274105
India (rural),2015,2.9953084
India (rural),2016,3.0405
India (rural),2017,3.2054675
India (rural),2018,3.491064
India (rural),2019,3.7470539
India (rural),2020,3.5182462
India (rural),2021,3.7239227
India (urban),1977,2.3320951
India (urban),1983,2.5386925
India (urban),1987,2.606172
India (urban),1993,2.7931385
India (urban),2004,3.1094382
India (urban),2009,3.4617162
India (urban),2011,3.9169476
India (urban),2015,3.6736085
India (urban),2016,3.7882328
India (urban),2017,4.3231006
India (urban),2018,4.880796
India (urban),2019,4.6309958
India (urban),2020,4.268864
India (urban),2021,4.6025243
Indonesia,1984,1.5083036
Indonesia,1987,1.5372473
Indonesia,1990,1.8565876
Indonesia,1993,1.8669107
Indonesia,1996,2.168484
Indonesia,1998,1.6941745
Indonesia,1999,2.301189
Indonesia,2000,2.3102286
Indonesia,2001,2.4056542
Indonesia,2002,2.9058464
Indonesia,2003,2.9580479
Indonesia,2004,2.9540603
Indonesia,2005,3.1266816
Indonesia,2006,2.9263856
Indonesia,2007,3.1471295
Indonesia,2008,3.2785816
Indonesia,2009,3.2628703
Indonesia,2010,3.538668
Indonesia,2011,3.7258754
Indonesia,2012,3.9426365
Indonesia,2013,3.9596305
Indonesia,2014,4.095608
Indonesia,2015,4.3235784
Indonesia,2016,4.7120256
Indonesia,2017,5.2799826
Indonesia,2018,5.3262773
Indonesia,2019,5.4540434
Indonesia,2020,5.5810685
Indonesia,2021,5.611564
Indonesia,2022,5.6864047
Indonesia,2023,5.7831755
Iran,1986,6.447432
Iran,1990,6.1922655
Iran,1994,7.1426516
Iran,1998,7.586433
Iran,2005,11.670836
Iran,2006,11.670106
Iran,2009,12.038752
Iran,2011,11.08773
Iran,2012,11.175439
Iran,2013,10.722641
Iran,2014,10.356088
Iran,2015,10.456475
Iran,2016,10.466228
Iran,2017,11.009031
Iran,2018,10.466003
Iran,2019,9.664258
Iran,2020,9.481683
Iran,2021,10.34422
Iran,2022,10.912499
Iraq,2006,9.105329
Iraq,2012,9.614323
Ireland,1987,16.062574
Ireland,1994,21.961926
Ireland,1995,22.240242
Ireland,1996,24.256628
Ireland,2000,31.89597
Ireland,2002,35.53206
Ireland,2003,36.173153
Ireland,2004,37.128857
Ireland,2005,38.044395
Ireland,2006,41.69812
Ireland,2007,41.12937
Ireland,2008,39.110355
Ireland,2009,38.209576
Ireland,2010,37.104183
Ireland,2011,35.67553
Ireland,2012,35.655792
Ireland,2013,35.718536
Ireland,2014,37.513084
Ireland,2015,39.22874
Ireland,2016,40.217735
Ireland,2017,43.784885
Ireland,2018,44.727562
Ireland,2019,46.412254
Ireland,2020,49.20636
Ireland,2021,50.1327
Israel,1979,16.497349
Israel,1986,16.23467
Israel,1992,19.462685
Israel,1997,19.996815
Israel,2001,22.515047
Israel,2002,20.364752
Israel,2003,20.71343
Israel,2004,21.574677
Israel,2005,22.13244
Israel,2006,23.00677
Israel,2007,24.1661
Israel,2008,24.48994
Israel,2009,24.521498
Israel,2010,25.122715
Israel,2011,25.129253
Israel,2012,26.967611
Israel,2013,28.323278
Israel,2014,29.4423
Israel,2015,30.049381
Israel,2016,30.956964
Israel,2017,32.57172
Israel,2018,33.653225
Israel,2019,32.9279
Israel,2020,32.509537
Israel,2021,32.92121
Italy,1977,20.311756
Italy,1978,22.250654
Italy,1979,23.367456
Italy,1980,24.136272
Italy,1981,23.646034
Italy,1982,25.142097
Italy,1983,25.313648
Italy,1984,25.827698
Italy,1986,24.607424
Italy,1987,28.301273
Italy,1989,31.122337
Italy,1991,31.21618
Italy,1993,30.588057
Italy,1995,29.715672
Italy,1998,31.703304
Italy,2000,32.72338
Italy,2002,32.900658
Italy,2003,39.87129
Italy,2004,41.24743
Italy,2005,41.093136
Italy,2006,41.7553
Italy,2007,42.637745
Italy,2008,41.566353
Italy,2009,41.99566
Italy,2010,41.045002
Italy,2011,40.202747
Italy,2012,38.427174
Italy,2013,38.16923
Italy,2014,38.351418
Italy,2015,39.452457
Italy,2016,40.319176
Italy,2017,40.532337
Italy,2018,40.674942
Italy,2019,42.622936
Italy,2020,41.83479
Italy,2021,43.379395
Jamaica,1988,7.400274
Jamaica,1990,6.882898
Jamaica,1993,5.500214
Jamaica,1996,7.654277
Jamaica,1999,9.663564
Jamaica,2002,9.561661
Jamaica,2004,9.9535
Jamaica,2018,15.107542
Jamaica,2021,15.188954
Japan,2008,36.592056
Japan,2010,42.64658
Japan,2013,41.49211
Jordan,1986,13.329571
Jordan,1992,9.3360195
Jordan,1997,9.009722
Jordan,2002,10.444269
Jordan,2006,11.919615
Jordan,2008,12.072028
Jordan,2010,13.392007
Kazakhstan,1993,5.0770288
Kazakhstan,1996,5.0936537
Kazakhstan,2001,4.4853563
Kazakhstan,2002,4.735255
Kazakhstan,2003,5.1858826
Kazakhstan,2004,5.562023
Kazakhstan,2005,5.536668
Kazakhstan,2006,6.793869
Kazakhstan,2007,7.927813
Kazakhstan,2008,7.952517
Kazakhstan,2009,7.9519963
Kazakhstan,2010,8.4307375
Kazakhstan,2011,10.044238
Kazakhstan,2012,10.232968
Kazakhstan,2013,10.821953
Kazakhstan,2014,10.570001
Kazakhstan,2015,10.061601
Kazakhstan,2016,9.291081
Kazakhstan,2017,9.904097
Kazakhstan,2018,10.417674
Kazakhstan,2019,10.363337
Kazakhstan,2020,10.454685
Kazakhstan,2021,10.810688
Kenya,1992,3.7508168
Kenya,1994,3.4385746
Kenya,1997,3.4374552
Kenya,2005,2.758179
Kenya,2015,3.0985744
Kenya,2020,2.6851206
Kenya,2021,2.6132443
Kiribati,2006,4.445906
Kiribati,2019,5.325838
Kosovo,2003,5.3623347
Kosovo,2005,5.3725724
Kosovo,2006,5.335276
Kosovo,2009,6.0977015
Kosovo,2010,6.038163
Kosovo,2011,6.2575502
Kosovo,2012,7.516762
Kosovo,2013,7.6935124
Kosovo,2014,7.7957096
Kosovo,2015,7.9893937
Kosovo,2016,8.175637
Kosovo,2017,8.108823
Kyrgyzstan,2000,2.4644766
Kyrgyzstan,2001,2.6541982
Kyrgyzstan,2002,2.7058237
Kyrgyzstan,2003,2.8788075
Kyrgyzstan,2004,3.9683306
Kyrgyzstan,2005,3.6605716
Kyrgyzstan,2006,4.495176
Kyrgyzstan,2007,4.5806074
Kyrgyzstan,2008,5.4080367
Kyrgyzstan,2009,5.457591
Kyrgyzstan,2010,5.268276
Kyrgyzstan,2011,5.337806
Kyrgyzstan,2012,5.1979046
Kyrgyzstan,2013,5.0050035
Kyrgyzstan,2014,5.2985845
Kyrgyzstan,2015,5.093955
Kyrgyzstan,2016,5.305892
Kyrgyzstan,2017,5.3345275
Kyrgyzstan,2018,5.669188
Kyrgyzstan,2019,5.8372316
Kyrgyzstan,2020,5.4330745
Kyrgyzstan,2021,5.89488
Kyrgyzstan,2022,6.0340743
Laos,1992,3.0499806
Laos,1997,2.3433046
Laos,2002,2.967564
Laos,2007,3.250357
Laos,2012,4.1624613
Laos,2018,4.7573843
Latin America and the Caribbean (PIP),1990,6
Latin America and the Caribbean (PIP),1991,6.05
Latin America and the Caribbean (PIP),1992,6.05
Latin America and the Caribbean (PIP),1993,6.05
Latin America and the Caribbean (PIP),1994,6.3
Latin America and the Caribbean (PIP),1995,6.35
Latin America and the Caribbean (PIP),1996,6.25
Latin America and the Caribbean (PIP),1997,6.4
Latin America and the Caribbean (PIP),1998,6.5
Latin America and the Caribbean (PIP),1999,6.4
Latin America and the Caribbean (PIP),2000,6.75
Latin America and the Caribbean (PIP),2001,6.8
Latin America and the Caribbean (PIP),2002,6.8
Latin America and the Caribbean (PIP),2003,6.85
Latin America and the Caribbean (PIP),2004,7.15
Latin America and the Caribbean (PIP),2005,7.6
Latin America and the Caribbean (PIP),2006,8.25
Latin America and the Caribbean (PIP),2007,8.65
Latin America and the Caribbean (PIP),2008,9.1
Latin America and the Caribbean (PIP),2009,9.15
Latin America and the Caribbean (PIP),2010,9.55
Latin America and the Caribbean (PIP),2011,10
Latin America and the Caribbean (PIP),2012,10.4
Latin America and the Caribbean (PIP),2013,10.6
Latin America and the Caribbean (PIP),2014,10.7
Latin America and the Caribbean (PIP),2015,11
Latin America and the Caribbean (PIP),2016,11.1
Latin America and the Caribbean (PIP),2017,11.3
Latin America and the Caribbean (PIP),2018,11.4
Latin America and the Caribbean (PIP),2019,11.7
Latin America and the Caribbean (PIP),2020,11.2
Latin America and the Caribbean (PIP),2021,11.2
Latin America and the Caribbean (PIP),2022,12
Latin America and the Caribbean (PIP),2023,12.1
Latin America and the Caribbean (PIP),2024,12.3
Latvia,1993,7.7118845
Latvia,1995,9.029915
Latvia,1996,8.781798
Latvia,2004,10.945852
Latvia,2005,12.07913
Latvia,2006,15.004924
Latvia,2007,19.540007
Latvia,2008,19.359398
Latvia,2009,16.167412
Latvia,2010,15.985072
Latvia,2011,15.575473
Latvia,2012,16.081114
Latvia,2013,17.358717
Latvia,2014,19.212112
Latvia,2015,20.933342
Latvia,2016,22.118916
Latvia,2017,23.859629
Latvia,2018,25.691933
Latvia,2019,26.937067
Latvia,2020,28.566208
Latvia,2021,30.76944
Lebanon,2011,26.116678
Lesotho,1986,1.937639
Lesotho,1994,1.8924992
Lesotho,2002,1.4379084
Lesotho,2017,3.2375739
Liberia,2007,2.0600421
Liberia,2014,3.1779404
Liberia,2016,3.0950387
Lithuania,1993,4.7499166
Lithuania,2004,11.469282
Lithuania,2005,13.44312
Lithuania,2006,16.670477
Lithuania,2007,19.692274
Lithuania,2008,21.122522
Lithuania,2009,17.451546
Lithuania,2010,16.883917
Lithuania,2011,18.035812
Lithuania,2012,18.611023
Lithuania,2013,19.26231
Lithuania,2014,20.518288
Lithuania,2015,22.651808
Lithuania,2016,24.24167
Lithuania,2017,25.621786
Lithuania,2018,28.034132
Lithuania,2019,30.712622
Lithuania,2020,34.040344
Lithuania,2021,34.91118
Luxembourg,1985,40.14992
Luxembourg,1986,44.04366
Luxembourg,1987,48.313812
Luxembourg,1988,50.124546
Luxembourg,1989,51.61722
Luxembourg,1990,55.282665
Luxembourg,1991,56.008724
Luxembourg,1992,57.59838
Luxembourg,1993,57.673607
Luxembourg,1994,55.5264
Luxembourg,1995,56.39582
Luxembourg,1996,56.382065
Luxembourg,1997,57.41771
Luxembourg,1998,58.69613
Luxembourg,1999,61.52826
Luxembourg,2000,60.459404
Luxembourg,2001,61.45286
Luxembourg,2002,64.7336
Luxembourg,2003,64.786354
Luxembourg,2004,66.85571
Luxembourg,2005,68.98651
Luxembourg,2006,67.65136
Luxembourg,2007,68.75902
Luxembourg,2008,66.33034
Luxembourg,2009,69.037674
Luxembourg,2010,67.52896
Luxembourg,2011,66.05534
Luxembourg,2012,64.16686
Luxembourg,2013,66.37539
Luxembourg,2014,67.28173
Luxembourg,2015,61.960957
Luxembourg,2016,67.63195
Luxembourg,2017,65.96172
Luxembourg,2018,69.09576
Luxembourg,2019,69.48356
Luxembourg,2020,77.76416
Luxembourg,2021,79.70014
Madagascar,1980,2.2059293
Madagascar,1993,1.4413595
Madagascar,1997,1.5402691
Madagascar,1999,1.561575
Madagascar,2001,1.3213401
Madagascar,2005,1.4088428
Madagascar,2010,1.1827385
Madagascar,2012,1.1187238
Malawi,1997,1.8748782
Malawi,2004,1.5838239
Malawi,2010,1.5159818
Malawi,2016,1.6496607
Malawi,2019,1.5339028
Malaysia,1984,8.542804
Malaysia,1987,8.385774
Malaysia,1989,8.361013
Malaysia,1992,9.048795
Malaysia,1995,9.3018465
Malaysia,1997,11.465874
Malaysia,2003,11.13748
Malaysia,2006,12.527523
Malaysia,2008,12.978291
Malaysia,2011,16.255423
Malaysia,2013,19.240177
Malaysia,2015,21.624985
Malaysia,2018,24.21878
Malaysia,2021,25.865078
Maldives,2002,5.0732884
Maldives,2009,6.798877
Maldives,2016,16.347643
Maldives,2019,15.8306
Mali,1994,0.8378315
Mali,2001,1.8768318
Mali,2006,2.1613991
Mali,2009,2.2107964
Mali,2018,3.768479
Mali,2021,3.3488104
Malta,2006,30.934843
Malta,2007,33.49299
Malta,2008,33.960133
Malta,2009,32.869587
Malta,2010,33.91648
Malta,2011,34.59186
Malta,2012,35.50498
Malta,2013,37.582233
Malta,2014,39.885357
Malta,2015,39.54135
Malta,2016,42.70111
Malta,2017,43.033344
Malta,2018,44.17502
Malta,2019,45.710777
Malta,2020,48.106636
Marshall Islands,2019,9.188247
Mauritania,1987,2.5717757
Mauritania,1993,2.4304006
Mauritania,1995,3.5388563
Mauritania,2000,3.701061
Mauritania,2004,3.6812432
Mauritania,2008,4.6975937
Mauritania,2014,5.299432
Mauritania,2019,5.2766995
Mauritius,2006,10.254396
Mauritius,2012,11.221884
Mauritius,2017,12.731154
Mexico,1984,6.233773
Mexico,1989,6.392065
Mexico,1992,6.9873233
Mexico,1994,7.215667
Mexico,1996,5.408069
Mexico,1998,5.8808055
Mexico,2000,6.8679676
Mexico,2002,7.255644
Mexico,2004,7.6711836
Mexico,2005,7.998011
Mexico,2006,8.384271
Mexico,2008,8.477346
Mexico,2010,8.336525
Mexico,2012,8.650836
Mexico,2014,8.223202
Mexico,2016,9.640644
Mexico,2018,10.061307
Mexico,2020,9.877569
Mexico,2022,11.628478
Micronesia (country),2005,5.8757463
Micronesia (country),2013,4.2220106
Micronesia (country) (urban),2000,2.6763487
Middle East and North Africa (PIP),1990,5.45
Middle East and North Africa (PIP),1991,5.25
Middle East and North Africa (PIP),1992,5.4
Middle East and North Africa (PIP),1993,5.45
Middle East and North Africa (PIP),1994,5.45
Middle East and North Africa (PIP),1995,5.45
Middle East and North Africa (PIP),1996,5.6
Middle East and North Africa (PIP),1997,5.75
Middle East and North Africa (PIP),1998,6.1
Middle East and North Africa (PIP),1999,6.2
Middle East and North Africa (PIP),2000,6.4
Middle East and North Africa (PIP),2001,6.4
Middle East and North Africa (PIP),2002,6.45
Middle East and North Africa (PIP),2003,6.3
Middle East and North Africa (PIP),2004,6.7
Middle East and North Africa (PIP),2005,6.8
Middle East and North Africa (PIP),2006,6.85
Middle East and North Africa (PIP),2007,6.9
Middle East and North Africa (PIP),2008,7.05
Middle East and North Africa (PIP),2009,7.25
Middle East and North Africa (PIP),2010,7.4
Middle East and North Africa (PIP),2011,7.55
Middle East and North Africa (PIP),2012,7.55
Middle East and North Africa (PIP),2013,7.5
Middle East and North Africa (PIP),2014,7.5
Middle East and North Africa (PIP),2015,7.55
Middle East and North Africa (PIP),2016,7.55
Middle East and North Africa (PIP),2017,7.5
Middle East and North Africa (PIP),2018,7.5
Middle East and North Africa (PIP),2019,7.4
Middle East and North Africa (PIP),2020,7.1
Middle East and North Africa (PIP),2021,7.2
Middle East and North Africa (PIP),2022,7.45
Middle East and North Africa (PIP),2023,7.45
Middle East and North Africa (PIP),2024,7.5
Moldova,1997,4.3698163
Moldova,1998,3.4683044
Moldova,1999,2.7906232
Moldova,2000,2.8913426
Moldova,2001,3.3509996
Moldova,2002,4.291307
Moldova,2003,5.08052
Moldova,2004,5.088041
Moldova,2005,4.516188
Moldova,2006,7.823344
Moldova,2007,8.950445
Moldova,2008,8.636712
Moldova,2009,8.843021
Moldova,2010,9.055512
Moldova,2011,9.451042
Moldova,2012,9.373644
Moldova,2013,10.07776
Moldova,2014,9.887843
Moldova,2015,10.254813
Moldova,2016,9.94288
Moldova,2017,10.060412
Moldova,2018,10.395866
Moldova,2019,10.515586
Moldova,2021,10.60901
Mongolia,1995,4.189594
Mongolia,1998,2.9685338
Mongolia,2002,4.3941636
Mongolia,2007,6.794511
Mongolia,2010,6.9576144
Mongolia,2011,7.4893684
Mongolia,2012,8.753405
Mongolia,2014,9.306553
Mongolia,2016,7.710069
Mongolia,2018,8.099155
Mongolia,2022,10.326545
Montenegro,2012,12.244218
Montenegro,2013,12.528233
Montenegro,2014,13.133453
Montenegro,2015,13.263837
Montenegro,2016,14.5358095
Montenegro,2017,14.852145
Montenegro,2018,14.618298
Montenegro,2019,15.006553
Montenegro,2020,14.692564
Montenegro,2021,16.274788
Morocco,1984,4.4123225
Morocco,1990,5.8173256
Morocco,1998,4.9292536
Morocco,2000,4.9226704
Morocco,2006,5.9568815
Morocco,2013,7.7121487
Mozambique,1996,0.8834101
Mozambique,2002,1.1487575
Mozambique,2008,1.4511949
Mozambique,2014,1.6047671
Mozambique,2019,1.2939788
Myanmar,2015,4.7684264
Myanmar,2017,5.47138
Namibia,1993,1.9042853
Namibia,2003,2.9056273
Namibia,2009,3.5303068
Namibia,2015,5.6841736
Nauru,2012,5.6519923
Nepal,1984,1.6915079
Nepal,1995,2.0249052
Nepal,2003,2.5270512
Nepal,2010,4.200243
Nepal,2022,7.4121175
Netherlands,1983,30.04224
Netherlands,1987,33.20836
Netherlands,1990,38.931614
Netherlands,1993,37.110752
Netherlands,1999,43.80481
Netherlands,2004,44.265675
Netherlands,2005,44.796246
Netherlands,2006,46.714027
Netherlands,2007,49.38531
Netherlands,2008,49.770683
Netherlands,2009,50.103043
Netherlands,2010,49.59388
Netherlands,2011,48.94054
Netherlands,2012,48.174854
Netherlands,2013,46.899242
Netherlands,2014,47.30478
Netherlands,2015,50.42111
Netherlands,2016,52.606174
Netherlands,2017,52.510147
Netherlands,2018,53.176445
Netherlands,2019,54.416996
Netherlands,2020,58.848736
Netherlands,2021,59.726303
Nicaragua,1993,2.9299216
Nicaragua,1998,3.8198943
Nicaragua,2001,4.486338
Nicaragua,2005,5.5399413
Nicaragua,2009,5.977652
Nicaragua,2014,8.074234
Niger,1992,1.2003337
Niger,1994,0.97402966
Niger,2005,1.1647121
Niger,2007,1.3112459
Niger,2011,1.8682615
Niger,2014,2.011065
Niger,2018,2.131262
Niger,2021,2.1318378
Nigeria,1985,2.2394812
Nigeria,1992,2.0332294
Nigeria,1996,1.7822516
Nigeria,2003,2.2386844
Nigeria,2010,2.7593143
Nigeria,2012,2.8090491
Nigeria,2015,2.8964233
Nigeria,2018,2.9532702
North Macedonia,2009,8.222777
North Macedonia,2010,8.84216
North Macedonia,2011,8.812336
North Macedonia,2012,9.143415
North Macedonia,2013,9.162788
North Macedonia,2014,9.905079
North Macedonia,2015,10.413917
North Macedonia,2016,11.368792
North Macedonia,2017,12.01355
North Macedonia,2018,12.401244
North Macedonia,2019,13.475552
Norway,1979,24.601658
Norway,1986,34.006508
Norway,1991,35.923176
Norway,1995,36.17295
Norway,2000,42.813507
Norway,2003,45.678547
Norway,2004,45.674023
Norway,2005,47.456615
Norway,2006,49.469395
Norway,2007,53.141884
Norway,2008,55.588108
Norway,2009,56.35292
Norway,2010,56.927364
Norway,2011,60.46514
Norway,2012,61.506516
Norway,2013,63.70797
Norway,2014,64.78537
Norway,2015,64.99609
Norway,2016,64.3899
Norway,2017,64.22418
Norway,2018,63.713528
Norway,2019,65.29984
Other high income countries (PIP),1990,34.7
Other high income countries (PIP),1991,35.2
Other high income countries (PIP),1992,35.6
Other high income countries (PIP),1993,35.4
Other high income countries (PIP),1994,36.1
Other high income countries (PIP),1995,36.7
Other high income countries (PIP),1996,37.3
Other high income countries (PIP),1997,37.8
Other high income countries (PIP),1998,38.7
Other high income countries (PIP),1999,39.7
Other high income countries (PIP),2000,40.6
Other high income countries (PIP),2001,40.9
Other high income countries (PIP),2002,41.5
Other high income countries (PIP),2003,41.9
Other high income countries (PIP),2004,42.6
Other high income countries (PIP),2005,43.1
Other high income countries (PIP),2006,43.6
Other high income countries (PIP),2007,45.1
Other high income countries (PIP),2008,44.9
Other high income countries (PIP),2009,45.4
Other high income countries (PIP),2010,45.6
Other high income countries (PIP),2011,45.2
Other high income countries (PIP),2012,45
Other high income countries (PIP),2013,45.2
Other high income countries (PIP),2014,45.4
Other high income countries (PIP),2015,46.5
Other high income countries (PIP),2016,47.8
Other high income countries (PIP),2017,48.3
Other high income countries (PIP),2018,49.5
Other high income countries (PIP),2019,50.8
Other high income countries (PIP),2020,51.7
Other high income countries (PIP),2021,52.3
Other high income countries (PIP),2022,52.5
Other high income countries (PIP),2023,53
Other high income countries (PIP),2024,53.6
Pakistan,1987,1.6967301
Pakistan,1990,1.7683086
Pakistan,1996,2.8906517
Pakistan,1998,2.7421837
Pakistan,2001,2.560565
Pakistan,2004,3.0328019
Pakistan,2005,3.0338082
Pakistan,2007,3.2396042
Pakistan,2010,3.5462253
Pakistan,2011,3.577841
Pakistan,2013,3.87621
Pakistan,2015,4.0830793
Pakistan,2018,4.0731707
Palestine,2004,10.319433
Palestine,2005,10.743198
Palestine,2006,10.818493
Palestine,2007,9.903896
Palestine,2009,11.214485
Palestine,2010,11.181039
Palestine,2011,11.348367
Palestine,2016,11.421007
Panama,1979,8.789762
Panama,1989,6.8100176
Panama,1991,7.2054467
Panama,1995,9.399348
Panama,1997,9.29022
Panama,1998,9.146375
Panama,1999,9.724159
Panama,2000,10.150943
Panama,2001,9.058135
Panama,2002,9.6938
Panama,2003,9.952899
Panama,2004,10.367094
Panama,2005,10.390121
Panama,2006,10.419755
Panama,2007,11.527537
Panama,2008,13.751875
Panama,2009,13.846869
Panama,2010,14.449056
Panama,2011,16.019728
Panama,2012,16.13784
Panama,2013,16.894165
Panama,2014,17.49334
Panama,2015,18.755539
Panama,2016,19.876503
Panama,2017,20.362755
Panama,2018,21.425737
Panama,2019,21.85406
Panama,2021,19.199842
Panama,2023,19.735992
Papua New Guinea,1996,2.0044944
Papua New Guinea,2009,2.6180224
Paraguay,1990,11.430765
Paraguay,1995,8.061832
Paraguay,1997,9.602362
Paraguay,1999,8.513688
Paraguay,2001,8.710627
Paraguay,2002,6.6137004
Paraguay,2003,7.679608
Paraguay,2004,7.8502393
Paraguay,2005,8.508103
Paraguay,2006,7.8213925
Paraguay,2007,8.400963
Paraguay,2008,8.986501
Paraguay,2009,9.29529
Paraguay,2010,9.784206
Paraguay,2011,10.508198
Paraguay,2012,11.600768
Paraguay,2013,12.329539
Paraguay,2014,12.633976
Paraguay,2015,12.588136
Paraguay,2016,12.044276
Paraguay,2017,12.4551
Paraguay,2018,13.157505
Paraguay,2019,13.339132
Paraguay,2020,12.314926
Paraguay,2021,12.459649
Paraguay,2022,12.639644
Peru,1997,5.2053766
Peru,1998,5.1819954
Peru,1999,5.113707
Peru,2000,5.1944127
Peru,2001,4.9391165
Peru,2002,5.4752264
Peru,2003,5.568438
Peru,2004,5.5767403
Peru,2005,5.277518
Peru,2006,5.994751
Peru,2007,6.8030896
Peru,2008,7.460628
Peru,2009,7.737353
Peru,2010,8.341695
Peru,2011,8.876252
Peru,2012,9.409666
Peru,2013,9.500891
Peru,2014,9.630067
Peru,2015,9.618947
Peru,2016,9.922257
Peru,2017,9.836352
Peru,2018,10.153699
Peru,2019,10.432818
Peru,2020,7.898285
Peru,2021,9.176717
Peru,2022,9.394887
Philippines,1985,3.1343844
Philippines,1988,3.2515125
Philippines,1991,3.3341973
Philippines,1994,3.4546092
Philippines,1997,4.0708427
Philippines,2000,4.0263004
Philippines,2003,4.229912
Philippines,2006,4.1929536
Philippines,2009,4.477698
Philippines,2012,4.3811474
Philippines,2015,4.84382
Philippines,2018,5.293169
Philippines,2021,4.9763155
Poland,1985,13.072325
Poland,1986,13.256217
Poland,1987,13.268958
Poland,1989,18.965405
Poland,1992,14.072984
Poland,1995,11.180629
Poland,1999,13.673615
Poland,2004,14.032858
Poland,2005,15.063584
Poland,2006,16.300283
Poland,2007,18.24353
Poland,2008,19.87249
Poland,2009,20.320524
Poland,2010,20.80173
Poland,2011,21.00654
Poland,2012,20.96432
Poland,2013,21.53535
Poland,2014,22.29431
Poland,2015,23.809603
Poland,2016,24.84105
Poland,2017,26.331245
Poland,2018,27.94274
Poland,2019,30.98221
Poland,2020,32.109703
Poland,2021,33.879444
Portugal,2003,22.760805
Portugal,2004,23.186123
Portugal,2005,22.92328
Portugal,2006,23.411354
Portugal,2007,24.58705
Portugal,2008,24.530464
Portugal,2009,25.894297
Portugal,2010,24.926168
Portugal,2011,23.691866
Portugal,2012,22.765785
Portugal,2013,22.932499
Portugal,2014,23.607676
Portugal,2015,24.705734
Portugal,2016,25.043917
Portugal,2017,25.571098
Portugal,2018,27.109007
Portugal,2019,29.427643
Portugal,2020,29.73526
Portugal,2021,29.239334
Qatar,2017,74.374855
Romania,1989,15.774135
Romania,1992,10.273716
Romania,1994,4.2050653
Romania,1995,7.931789
Romania,1997,7.277565
Romania,2006,7.9122915
Romania,2007,8.713836
Romania,2008,9.912613
Romania,2009,10.238521
Romania,2010,9.96197
Romania,2011,9.227163
Romania,2012,9.356543
Romania,2013,9.417165
Romania,2014,10.21032
Romania,2015,10.917236
Romania,2016,12.535931
Romania,2017,15.409707
Romania,2018,16.887878
Romania,2019,19.02761
Romania,2020,21.184145
Romania,2021,23.197407
Russia,1993,9.5890255
Russia,1996,9.644192
Russia,1997,9.71885
Russia,1998,8.775787
Russia,1999,7.0744557
Russia,2000,7.7721148
Russia,2001,8.70053
Russia,2002,9.475253
Russia,2003,10.024381
Russia,2004,10.777633
Russia,2005,11.54438
Russia,2006,12.704405
Russia,2007,14.265037
Russia,2008,15.913755
Russia,2009,15.662931
Russia,2010,16.969923
Russia,2011,17.495932
Russia,2012,18.059612
Russia,2013,18.349606
Russia,2014,18.387732
Russia,2015,17.468683
Russia,2016,17.356579
Russia,2017,17.135622
Russia,2018,17.301935
Russia,2019,17.952984
Russia,2020,17.48153
Rwanda,2000,1.3151513
Rwanda,2005,1.5853968
Rwanda,2010,1.8361876
Rwanda,2013,2.0397725
Rwanda,2016,2.0738049
Rwanda (rural),1984,1.9397745
Saint Lucia,1995,2.6967282
Saint Lucia,2015,13.024724
Samoa,2002,7.2441826
Samoa,2008,7.583531
Samoa,2013,7.5771036
Sao Tome and Principe,2000,3.4324324
Sao Tome and Principe,2010,3.203384
Sao Tome and Principe,2017,3.998577
Senegal,1991,1.3028702
Senegal,1994,1.8199129
Senegal,2001,2.0658894
Senegal,2005,2.5035882
Senegal,2011,2.4989185
Senegal,2018,4.433556
Senegal,2021,4.4646606
Serbia,2012,11.56296
Serbia,2013,10.795997
Serbia,2014,10.865508
Serbia,2015,10.994128
Serbia,2016,11.657099
Serbia,2017,12.0110655
Serbia,2018,13.510494
Serbia,2019,15.300799
Serbia,2020,16.259317
Serbia,2021,16.992344
Seychelles,1999,14.563829
Seychelles,2006,13.168793
Seychelles,2013,15.939651
Seychelles,2018,19.497965
Sierra Leone,2003,1.7789999
Sierra Leone,2011,2.5105798
Sierra Leone,2018,2.9593496
Slovakia,1992,14.460435
Slovakia,1996,14.63786
Slovakia,2004,15.15261
Slovakia,2005,16.435019
Slovakia,2006,18.488356
Slovakia,2007,19.373352
Slovakia,2008,19.850332
Slovakia,2009,20.960907
Slovakia,2010,21.580462
Slovakia,2011,22.717054
Slovakia,2012,21.071383
Slovakia,2013,21.195173
Slovakia,2014,21.371578
Slovakia,2015,21.534374
Slovakia,2016,22.148932
Slovakia,2017,22.984943
Slovakia,2018,23.896662
Slovakia,2019,24.762434
Slovakia,2020,23.879622
Slovakia,2021,23.478302
Slovenia,1987,35.253002
Slovenia,1993,19.84797
Slovenia,1997,24.384604
Slovenia,1999,24.485016
Slovenia,2004,30.183493
Slovenia,2005,31.345585
Slovenia,2006,32.504036
Slovenia,2007,34.238235
Slovenia,2008,35.352116
Slovenia,2009,35.32827
Slovenia,2010,35.464855
Slovenia,2011,35.262535
Slovenia,2012,33.683163
Slovenia,2013,33.390114
Slovenia,2014,34.24614
Slovenia,2015,34.568344
Slovenia,2016,35.6928
Slovenia,2017,36.404823
Slovenia,2018,38.339615
Slovenia,2019,39.500835
Slovenia,2020,41.31365
Slovenia,2021,43.440727
Solomon Islands,2005,2.1310384
Solomon Islands,2012,3.103404
South Africa,1993,3.4334183
South Africa,2000,3.118238
South Africa,2005,3.5438232
South Africa,2008,4.7547746
South Africa,2010,4.975511
South Africa,2014,4.7534223
South Asia (PIP),1990,2.14
South Asia (PIP),1991,2.18
South Asia (PIP),1992,2.24
South Asia (PIP),1993,2.26
South Asia (PIP),1994,2.3
South Asia (PIP),1995,2.32
South Asia (PIP),1996,2.36
South Asia (PIP),1997,2.38
South Asia (PIP),1998,2.38
South Asia (PIP),1999,2.4
South Asia (PIP),2000,2.4
South Asia (PIP),2001,2.4
South Asia (PIP),2002,2.42
South Asia (PIP),2003,2.46
South Asia (PIP),2004,2.52
South Asia (PIP),2005,2.58
South Asia (PIP),2006,2.62
South Asia (PIP),2007,2.68
South Asia (PIP),2008,2.72
South Asia (PIP),2009,2.78
South Asia (PIP),2010,2.92
South Asia (PIP),2011,3.12
South Asia (PIP),2012,3.2
South Asia (PIP),2013,3.26
South Asia (PIP),2014,3.3
South Asia (PIP),2015,3.34
South Asia (PIP),2016,3.4
South Asia (PIP),2017,3.58
South Asia (PIP),2018,3.86
South Asia (PIP),2019,4.06
South Asia (PIP),2020,3.92
South Asia (PIP),2021,4.04
South Asia (PIP),2022,4.24
South Asia (PIP),2023,4.36
South Asia (PIP),2024,4.52
South Korea,2006,31.087267
South Korea,2008,31.719343
South Korea,2010,32.26902
South Korea,2012,34.528248
South Korea,2014,35.921234
South Korea,2016,41.41714
South Korea,2017,43.027073
South Korea,2018,44.24328
South Korea,2019,46.149136
South Korea,2020,47.711636
South Korea,2021,50.183186
South Sudan,2009,3.146055
South Sudan,2016,1.5208117
Spain,1980,17.361542
Spain,1985,16.827175
Spain,1990,22.780647
Spain,1993,24.533754
Spain,1994,24.85955
Spain,1995,24.268019
Spain,1996,24.529459
Spain,1997,25.941614
Spain,1998,27.811314
Spain,1999,29.532486
Spain,2000,31.095194
Spain,2003,33.631226
Spain,2004,32.95628
Spain,2005,34.55867
Spain,2006,34.36096
Spain,2007,40.486885
Spain,2008,41.49688
Spain,2009,41.07932
Spain,2010,38.490673
Spain,2011,37.30376
Spain,2012,35.861053
Spain,2013,34.930683
Spain,2014,35.039486
Spain,2015,35.95935
Spain,2016,37.523876
Spain,2017,38.031815
Spain,2018,37.846645
Spain,2019,40.291454
Spain,2020,40.26365
Spain,2021,41.36567
Sri Lanka,1985,3.5638516
Sri Lanka,1990,3.6532204
Sri Lanka,1995,3.7675173
Sri Lanka,2002,4.115983
Sri Lanka,2006,4.891205
Sri Lanka,2009,5.2440896
Sri Lanka,2012,5.727975
Sri Lanka,2016,6.5877724
Sri Lanka,2019,6.91304
Sub-Saharan Africa (PIP),1990,1.94
Sub-Saharan Africa (PIP),1991,1.88
Sub-Saharan Africa (PIP),1992,1.83
Sub-Saharan Africa (PIP),1993,1.8
Sub-Saharan Africa (PIP),1994,1.78
Sub-Saharan Africa (PIP),1995,1.8
Sub-Saharan Africa (PIP),1996,1.83
Sub-Saharan Africa (PIP),1997,1.85
Sub-Saharan Africa (PIP),1998,1.86
Sub-Saharan Africa (PIP),1999,1.88
Sub-Saharan Africa (PIP),2000,1.9
Sub-Saharan Africa (PIP),2001,1.94
Sub-Saharan Africa (PIP),2002,1.97
Sub-Saharan Africa (PIP),2003,2.02
Sub-Saharan Africa (PIP),2004,2.14
Sub-Saharan Africa (PIP),2005,2.2
Sub-Saharan Africa (PIP),2006,2.28
Sub-Saharan Africa (PIP),2007,2.32
Sub-Saharan Africa (PIP),2008,2.38
Sub-Saharan Africa (PIP),2009,2.42
Sub-Saharan Africa (PIP),2010,2.5
Sub-Saharan Africa (PIP),2011,2.54
Sub-Saharan Africa (PIP),2012,2.6
Sub-Saharan Africa (PIP),2013,2.64
Sub-Saharan Africa (PIP),2014,2.7
Sub-Saharan Africa (PIP),2015,2.7
Sub-Saharan Africa (PIP),2016,2.7
Sub-Saharan Africa (PIP),2017,2.74
Sub-Saharan Africa (PIP),2018,2.76
Sub-Saharan Africa (PIP),2019,2.78
Sub-Saharan Africa (PIP),2020,2.72
Sub-Saharan Africa (PIP),2021,2.74
Sub-Saharan Africa (PIP),2022,2.78
Sub-Saharan Africa (PIP),2023,2.78
Sub-Saharan Africa (PIP),2024,2.8
Sudan,2009,3.77237
Sudan,2014,3.6616235
Suriname,2022,13.008748
Suriname (urban),1999,8.138049
Sweden,1975,25.352112
Sweden,1981,27.39903
Sweden,1987,28.717962
Sweden,1992,33.748695
Sweden,1995,32.350647
Sweden,2000,35.85133
Sweden,2001,37.023773
Sweden,2002,38.275738
Sweden,2003,36.327465
Sweden,2004,36.570187
Sweden,2005,37.499622
Sweden,2006,39.30408
Sweden,2007,41.29602
Sweden,2008,42.17419
Sweden,2009,42.91585
Sweden,2010,43.49747
Sweden,2011,44.076977
Sweden,2012,44.910286
Sweden,2013,45.66305
Sweden,2014,46.89024
Sweden,2015,48.042767
Sweden,2016,48.815613
Sweden,2017,48.84963
Sweden,2018,49.2975
Sweden,2019,50.568718
Sweden,2020,51.812824
Sweden,2021,51.530468
Switzerland,1982,57.32491
Switzerland,1992,57.169586
Switzerland,2000,55.55834
Switzerland,2002,59.566936
Switzerland,2004,57.05412
Switzerland,2006,59.464886
Switzerland,2007,60.232258
Switzerland,2008,61.03634
Switzerland,2009,61.0851
Switzerland,2010,62.18168
Switzerland,2011,63.643364
Switzerland,2012,64.390816
Switzerland,2013,63.70459
Switzerland,2014,64.25933
Switzerland,2015,64.76187
Switzerland,2016,65.323685
Switzerland,2017,65.41941
Switzerland,2018,64.34563
Switzerland,2019,64.75705
Switzerland,2020,65.79692
Syria,1996,5.7818213
Syria,2003,6.995547
Syria,2006,7.244703
Syria,2009,7.12156
Syria,2022,2.959133
Taiwan,1981,13.933725
Taiwan,1986,18.615566
Taiwan,1991,30.904259
Taiwan,1995,36.249294
Taiwan,1997,38.093143
Taiwan,2000,39.87931
Taiwan,2005,39.35388
Taiwan,2007,37.379333
Taiwan,2010,34.78631
Taiwan,2013,35.408276
Taiwan,2016,38.149696
Taiwan,2017,39.161507
Taiwan,2018,39.415733
Taiwan,2019,40.51002
Taiwan,2020,42.57047
Taiwan,2021,42.18017
Tajikistan,1999,1.8323762
Tajikistan,2003,2.577647
Tajikistan,2004,3.3846924
Tajikistan,2007,4.0240703
Tajikistan,2009,4.710329
Tajikistan,2015,5.334834
Tanzania,1991,1.607305
Tanzania,2000,1.0775118
Tanzania,2007,1.9388303
Tanzania,2011,2.3150973
Tanzania,2018,2.3307555
Thailand,1981,3.7938719
Thailand,1988,3.9746964
Thailand,1990,4.2169313
Thailand,1992,4.8561177
Thailand,1994,5.6001554
Thailand,1996,6.1561584
Thailand,1998,6.295675
Thailand,1999,5.8697286
Thailand,2000,5.8050413
Thailand,2002,6.7544227
Thailand,2004,7.6158624
Thailand,2006,8.708248
Thailand,2007,8.923645
Thailand,2008,9.352817
Thailand,2009,9.841862
Thailand,2010,10.078043
Thailand,2011,10.52835
Thailand,2012,11.129934
Thailand,2013,11.462607
Thailand,2014,11.619302
Thailand,2015,12.340004
Thailand,2016,12.194284
Thailand,2017,12.487765
Thailand,2018,12.285716
Thailand,2019,12.539443
Thailand,2020,12.889153
Thailand,2021,12.927706
Togo,2006,1.7547421
Togo,2011,1.7783784
Togo,2015,1.9352721
Togo,2018,3.2052453
Togo,2021,3.2011387
Tonga,2000,8.999882
Tonga,2009,8.233016
Tonga,2015,7.010862
Tonga,2021,9.959987
Trinidad and Tobago,1988,13.903277
Trinidad and Tobago,1992,10.1245775
Tunisia,1985,4.951637
Tunisia,1990,5.707027
Tunisia,1995,5.6133537
Tunisia,2000,6.7108006
Tunisia,2005,7.7609053
Tunisia,2010,9.366361
Tunisia,2015,11.375648
Tunisia,2021,11.934058
Turkey,1987,7.5596747
Turkey,1994,7.799346
Turkey,2002,8.410175
Turkey,2003,7.856735
Turkey,2004,10.101534
Turkey,2005,10.505494
Turkey,2006,11.063679
Turkey,2007,11.846024
Turkey,2008,13.145552
Turkey,2009,12.832067
Turkey,2010,12.923282
Turkey,2011,13.753508
Turkey,2012,14.154866
Turkey,2013,14.912288
Turkey,2014,15.069781
Turkey,2015,14.58799
Turkey,2016,15.689208
Turkey,2017,17.245556
Turkey,2018,17.918482
Turkey,2019,17.866121
Turkey,2020,18.164753
Turkey,2021,19.567127
Turkmenistan,1998,2.3988008
Tuvalu,2010,6.2684546
Uganda,1989,1.811504
Uganda,1992,1.6788772
Uganda,1996,1.7020516
Uganda,1999,1.5781163
Uganda,2002,1.6417547
Uganda,2005,1.8962802
Uganda,2009,2.3031871
Uganda,2012,2.6347055
Uganda,2016,2.4391303
Uganda,2019,2.4753115
Ukraine,1992,6.3332596
Ukraine,1993,6.2527795
Ukraine,1995,5.799231
Ukraine,1996,5.0929837
Ukraine,2002,5.874384
Ukraine,2003,6.535736
Ukraine,2004,7.3702335
Ukraine,2005,8.693058
Ukraine,2006,9.337657
Ukraine,2007,9.146583
Ukraine,2008,10.495289
Ukraine,2009,9.819549
Ukraine,2010,10.554482
Ukraine,2011,10.962115
Ukraine,2012,11.43756
Ukraine,2013,12.086083
Ukraine,2014,11.6106825
Ukraine,2015,10.32197
Ukraine,2016,10.639187
Ukraine,2017,11.528695
Ukraine,2018,12.027805
Ukraine,2019,13.127843
Ukraine,2020,12.599212
United Arab Emirates,2013,65.14344
United Arab Emirates,2018,74.25184
United Kingdom,1968,17.986197
United Kingdom,1969,18.02587
United Kingdom,1970,18.336798
United Kingdom,1971,18.028748
United Kingdom,1972,18.970327
United Kingdom,1973,20.343304
United Kingdom,1974,20.499552
United Kingdom,1975,20.11297
United Kingdom,1976,19.354103
United Kingdom,1977,19.104132
United Kingdom,1978,20.940548
United Kingdom,1979,21.086723
United Kingdom,1980,21.38689
United Kingdom,1981,21.199322
United Kingdom,1982,23.288107
United Kingdom,1983,22.323572
United Kingdom,1984,23.347246
United Kingdom,1985,23.633066
United Kingdom,1986,25.217712
United Kingdom,1987,25.935862
United Kingdom,1988,27.454412
United Kingdom,1989,28.343409
United Kingdom,1990,28.62545
United Kingdom,1991,29.593336
United Kingdom,1992,28.876287
United Kingdom,1993,28.67055
United Kingdom,1994,30.821486
United Kingdom,1995,31.006603
United Kingdom,1996,32.45276
United Kingdom,1997,33.444813
United Kingdom,1998,34.677525
United Kingdom,1999,35.384037
United Kingdom,2000,37.382763
United Kingdom,2001,38.83765
United Kingdom,2002,39.2776
United Kingdom,2003,40.191704
United Kingdom,2004,41.320786
United Kingdom,2005,42.121468
United Kingdom,2006,42.415165
United Kingdom,2007,43.690266
United Kingdom,2008,43.553783
United Kingdom,2009,43.093025
United Kingdom,2010,42.9632
United Kingdom,2011,42.44035
United Kingdom,2012,42.17668
United Kingdom,2013,42.64952
United Kingdom,2014,43.870487
United Kingdom,2015,44.425335
United Kingdom,2016,45.214054
United Kingdom,2017,45.379646
United Kingdom,2018,45.27532
United Kingdom,2019,47.227264
United Kingdom,2020,46.31554
United Kingdom,2021,46.870113
United States,1963,29.276546
United States,1964,30.553005
United States,1965,32.536404
United States,1966,32.780712
United States,1967,34.918777
United States,1968,36.535213
United States,1969,37.731342
United States,1970,37.552277
United States,1971,38.20952
United States,1972,41.455406
United States,1973,42.495228
United States,1974,41.137962
United States,1975,41.577755
United States,1976,42.805096
United States,1977,42.89855
United States,1978,43.78883
United States,1979,44.843143
United States,1980,42.79412
United States,1981,41.551727
United States,1982,41.720703
United States,1983,43.05212
United States,1984,44.79597
United States,1985,45.231384
United States,1986,46.57188
United States,1987,48.352707
United States,1988,48.585472
United States,1989,48.815456
United States,1990,47.46177
United States,1991,47.58916
United States,1992,47.304375
United States,1993,46.677616
United States,1994,47.524746
United States,1995,47.960865
United States,1996,48.413067
United States,1997,49.627975
United States,1998,51.782684
United States,1999,52.77889
United States,2000,53.177048
United States,2001,52.88555
United States,2002,53.550327
United States,2003,53.78248
United States,2004,54.04835
United States,2005,54.373783
United States,2006,54.96837
United States,2007,55.273888
United States,2008,53.73126
United States,2009,54.228012
United States,2010,53.569782
United States,2011,53.213585
United States,2012,53.513405
United States,2013,53.18275
United States,2014,51.783176
United States,2015,54.421295
United States,2016,57.64062
United States,2017,58.498417
United States,2018,61.16726
United States,2019,65.042755
United States,2020,68.37387
United States,2021,66.83486
United States,2022,62.40085
Uruguay,2006,12.698808
Uruguay,2007,13.717671
Uruguay,2008,15.523848
Uruguay,2009,16.656258
Uruguay,2010,16.896963
Uruguay,2011,19.201862
Uruguay,2012,20.067238
Uruguay,2013,20.7836
Uruguay,2014,22.020576
Uruguay,2015,22.413225
Uruguay,2016,22.016523
Uruguay,2017,22.866255
Uruguay,2018,22.30404
Uruguay,2019,21.999668
Uruguay,2020,20.32662
Uruguay,2021,20.208952
Uruguay,2022,20.99745
Uruguay (urban),1981,14.807056
Uruguay (urban),1989,16.069246
Uruguay (urban),1992,17.1476
Uruguay (urban),1995,17.671822
Uruguay (urban),1996,17.06949
Uruguay (urban),1997,17.037256
Uruguay (urban),1998,18.128729
Uruguay (urban),2000,17.145294
Uruguay (urban),2001,16.272411
Uruguay (urban),2002,14.425236
Uruguay (urban),2003,11.963974
Uruguay (urban),2004,12.138544
Uruguay (urban),2005,12.808138
Uzbekistan,1998,1.7957982
Uzbekistan,2000,1.2577156
Uzbekistan,2002,1.3487138
Uzbekistan,2003,1.2611177
Uzbekistan,2022,12.050619
Vanuatu,2010,4.123768
Vanuatu,2019,4.6742573
Venezuela,1981,9.183342
Venezuela,1987,8.469486
Venezuela,1989,9.798547
Venezuela,1992,9.045124
Venezuela,1995,6.698132
Venezuela,1998,7.0535007
Venezuela,1999,6.3937006
Venezuela,2001,6.681189
Venezuela,2002,5.42045
Venezuela,2003,4.7367663
Venezuela,2004,5.3565845
Venezuela,2005,6.65166
Venezuela,2006,8.490453
Vietnam,1992,2.3059344
Vietnam,1997,2.9902124
Vietnam,2002,2.824715
Vietnam,2004,3.4307585
Vietnam,2006,3.9606404
Vietnam,2008,4.252917
Vietnam,2010,7.1777043
Vietnam,2012,7.9646215
Vietnam,2014,8.568849
Vietnam,2016,9.841572
Vietnam,2018,10.9219675
Vietnam,2020,11.926914
Vietnam,2022,11.452532
Western and Central Africa (PIP),1990,1.91
Western and Central Africa (PIP),1991,1.86
Western and Central Africa (PIP),1992,1.83
Western and Central Africa (PIP),1993,1.8
Western and Central Africa (PIP),1994,1.79
Western and Central Africa (PIP),1995,1.78
Western and Central Africa (PIP),1996,1.79
Western and Central Africa (PIP),1997,1.83
Western and Central Africa (PIP),1998,1.87
Western and Central Africa (PIP),1999,1.91
Western and Central Africa (PIP),2000,1.93
Western and Central Africa (PIP),2001,2
Western and Central Africa (PIP),2002,2.1
Western and Central Africa (PIP),2003,2.16
Western and Central Africa (PIP),2004,2.24
Western and Central Africa (PIP),2005,2.3
Western and Central Africa (PIP),2006,2.34
Western and Central Africa (PIP),2007,2.38
Western and Central Africa (PIP),2008,2.46
Western and Central Africa (PIP),2009,2.5
Western and Central Africa (PIP),2010,2.6
Western and Central Africa (PIP),2011,2.64
Western and Central Africa (PIP),2012,2.74
Western and Central Africa (PIP),2013,2.8
Western and Central Africa (PIP),2014,2.9
Western and Central Africa (PIP),2015,2.9
Western and Central Africa (PIP),2016,2.96
Western and Central Africa (PIP),2017,3.06
Western and Central Africa (PIP),2018,3.16
Western and Central Africa (PIP),2019,3.22
Western and Central Africa (PIP),2020,3.14
Western and Central Africa (PIP),2021,3.18
Western and Central Africa (PIP),2022,3.2
Western and Central Africa (PIP),2023,3.22
Western and Central Africa (PIP),2024,3.26
World,1990,2.94
World,1991,2.96
World,1992,3
World,1993,3.04
World,1994,3.14
World,1995,3.24
World,1996,3.34
World,1997,3.38
World,1998,3.38
World,1999,3.42
World,2000,3.52
World,2001,3.62
World,2002,3.76
World,2003,3.9
World,2004,4.1
World,2005,4.3
World,2006,4.48
World,2007,4.7
World,2008,4.86
World,2009,5.05
World,2010,5.35
World,2011,5.6
World,2012,5.85
World,2013,6.2
World,2014,6.45
World,2015,6.65
World,2016,6.85
World,2017,7.1
World,2018,7.4
World,2019,7.6
World,2020,7.4
World,2021,7.8
World,2022,7.95
World,2023,8.1
World,2024,8.25
World (excluding China),1990,
World (excluding China),1991,
World (excluding China),1992,
World (excluding China),1993,
World (excluding China),1994,
World (excluding China),1995,
World (excluding China),1996,
World (excluding China),1997,
World (excluding China),1998,
World (excluding China),1999,
World (excluding China),2000,
World (excluding China),2001,
World (excluding China),2002,
World (excluding China),2003,
World (excluding China),2004,
World (excluding China),2005,
World (excluding China),2006,
World (excluding China),2007,
World (excluding China),2008,
World (excluding China),2009,
World (excluding China),2010,
World (excluding China),2011,
World (excluding China),2012,
World (excluding China),2013,
World (excluding China),2014,
World (excluding China),2015,
World (excluding China),2016,
World (excluding China),2017,
World (excluding China),2018,
World (excluding China),2019,
World (excluding China),2020,
World (excluding China),2021,
World (excluding China),2022,
World (excluding China),2023,
World (excluding China),2024,
World (excluding India),1990,
World (excluding India),1991,
World (excluding India),1992,
World (excluding India),1993,
World (excluding India),1994,
World (excluding India),1995,
World (excluding India),1996,
World (excluding India),1997,
World (excluding India),1998,
World (excluding India),1999,
World (excluding India),2000,
World (excluding India),2001,
World (excluding India),2002,
World (excluding India),2003,
World (excluding India),2004,
World (excluding India),2005,
World (excluding India),2006,
World (excluding India),2007,
World (excluding India),2008,
World (excluding India),2009,
World (excluding India),2010,
World (excluding India),2011,
World (excluding India),2012,
World (excluding India),2013,
World (excluding India),2014,
World (excluding India),2015,
World (excluding India),2016,
World (excluding India),2017,
World (excluding India),2018,
World (excluding India),2019,
World (excluding India),2020,
World (excluding India),2021,
World (excluding India),2022,
World (excluding India),2023,
World (excluding India),2024,
Yemen,1998,5.028546
Yemen,2005,4.126022
Yemen,2014,3.4357183
Zambia,1991,1.6473335
Zambia,1993,1.7062978
Zambia,1996,2.3304799
Zambia,1998,2.2775962
Zambia,2002,1.9308877
Zambia,2004,1.60922
Zambia,2006,1.4654101
Zambia,2010,1.5375938
Zambia,2015,1.6081347
Zambia,2022,1.4850891
Zimbabwe,2011,3.7988327
Zimbabwe,2017,2.8745577
Zimbabwe,2019,2.6548173