Country,Year,Threshold income or consumption per day marking the poorest decile
Albania,1996,3.691232
Albania,2002,3.5018895
Albania,2005,3.983527
Albania,2008,4.598464
Albania,2012,4.410012
Albania,2014,3.6729488
Albania,2015,4.866551
Albania,2016,4.7005067
Albania,2017,4.9050775
Albania,2018,5.476367
Albania,2019,6.0241885
Albania,2020,6.1324673
Algeria,1988,2.4595191
Algeria,1995,2.4930012
Algeria,2011,4.366556
Angola,2000,1.1832685
Angola,2008,1.8340305
Angola,2018,1.0746211
Argentina (urban),1980,8.657177
Argentina (urban),1986,9.810018
Argentina (urban),1987,7.7102118
Argentina (urban),1991,5.7224855
Argentina (urban),1992,5.8788285
Argentina (urban),1993,5.543781
Argentina (urban),1994,5.3463283
Argentina (urban),1995,4.485275
Argentina (urban),1996,4.069194
Argentina (urban),1997,4.327073
Argentina (urban),1998,3.890666
Argentina (urban),1999,3.7443345
Argentina (urban),2000,3.4278898
Argentina (urban),2001,2.5425441
Argentina (urban),2002,1.8776616
Argentina (urban),2003,3.1757557
Argentina (urban),2004,3.7094226
Argentina (urban),2005,4.1882443
Argentina (urban),2006,4.8748755
Argentina (urban),2007,5.3072786
Argentina (urban),2008,5.4726257
Argentina (urban),2009,5.876595
Argentina (urban),2010,6.3848267
Argentina (urban),2011,7.16815
Argentina (urban),2012,7.4440637
Argentina (urban),2013,7.4874496
Argentina (urban),2014,7.0209093
Argentina (urban),2016,7.1021214
Argentina (urban),2017,7.6908865
Argentina (urban),2018,6.723069
Argentina (urban),2019,6.209693
Argentina (urban),2020,5.42815
Argentina (urban),2021,6.4284334
Argentina (urban),2022,6.5117836
Armenia,1999,2.0289185
Armenia,2001,1.9235903
Armenia,2002,2.150222
Armenia,2003,2.3290274
Armenia,2004,2.5882728
Armenia,2005,3.0402281
Armenia,2006,3.1956985
Armenia,2007,3.3562255
Armenia,2008,3.7483215
Armenia,2009,3.4007294
Armenia,2010,3.3701012
Armenia,2011,3.3779244
Armenia,2012,3.5112777
Armenia,2013,3.5020607
Armenia,2014,3.526342
Armenia,2015,3.6979244
Armenia,2016,3.6984892
Armenia,2017,3.8493795
Armenia,2018,3.7003639
Armenia,2019,3.6668735
Armenia,2020,3.9885778
Armenia,2021,3.7861629
Armenia,2022,3.6478412
Australia,1981,15.687372
Australia,1985,15.748439
Australia,1989,16.0484
Australia,1995,15.184624
Australia,2001,17.304497
Australia,2003,17.779902
Australia,2004,20.17207
Australia,2008,23.507904
Australia,2010,23.558344
Australia,2014,26.135454
Australia,2016,25.319782
Australia,2018,24.849173
Austria,1994,22.928137
Austria,1995,22.39766
Austria,1996,22.092583
Austria,1997,21.958359
Austria,1998,22.79816
Austria,1999,24.290089
Austria,2000,23.941813
Austria,2003,24.866121
Austria,2004,26.381561
Austria,2005,25.941912
Austria,2006,26.26013
Austria,2007,25.493954
Austria,2008,26.122799
Austria,2009,25.907217
Austria,2010,27.098082
Austria,2011,26.712288
Austria,2012,25.425858
Austria,2013,27.54281
Austria,2014,26.928307
Austria,2015,26.498295
Austria,2016,27.731977
Austria,2017,27.850487
Austria,2018,27.839869
Austria,2019,28.4346
Austria,2020,28.50831
Austria,2021,27.690018
Azerbaijan,1995,1.9864691
Azerbaijan,2001,2.4782078
Azerbaijan,2002,4.5971017
Azerbaijan,2003,4.471243
Azerbaijan,2004,4.7481127
Azerbaijan,2005,5.3535843
Bangladesh,1983,1.3614821
Bangladesh,1985,1.5367266
Bangladesh,1988,1.3278817
Bangladesh,1991,1.3582802
Bangladesh,1995,1.5057255
Bangladesh,2000,1.5257008
Bangladesh,2005,1.7137121
Bangladesh,2010,1.8560303
Bangladesh,2016,1.9967315
Bangladesh,2022,2.5311422
Belarus,1998,1.6233544
Belarus,1999,1.6681265
Belarus,2000,1.9219834
Belarus,2001,2.463225
Belarus,2002,2.7581003
Belarus,2003,2.9335017
Belarus,2004,3.5539641
Belarus,2005,4.17709
Belarus,2006,4.7214675
Belarus,2007,5.3988905
Belarus,2008,5.8016477
Belarus,2009,5.972725
Belarus,2010,6.453801
Belarus,2011,6.855733
Belarus,2012,7.9977183
Belarus,2013,8.98161
Belarus,2014,9.194759
Belarus,2015,8.516368
Belarus,2016,8.405879
Belarus,2017,8.687064
Belarus,2018,9.488541
Belarus,2019,10.002091
Belarus,2020,10.232832
Belgium,1985,17.444548
Belgium,1988,18.439835
Belgium,1992,19.8638
Belgium,1995,21.3356
Belgium,1997,21.79417
Belgium,2000,24.24907
Belgium,2003,22.449911
Belgium,2004,23.28336
Belgium,2005,24.150127
Belgium,2006,23.83402
Belgium,2007,24.029602
Belgium,2008,24.66815
Belgium,2009,24.394075
Belgium,2010,24.60689
Belgium,2011,23.701267
Belgium,2012,25.200817
Belgium,2013,24.368937
Belgium,2014,24.709316
Belgium,2015,24.759468
Belgium,2016,24.652452
Belgium,2017,25.195316
Belgium,2018,26.038218
Belgium,2019,27.698778
Belgium,2020,28.693867
Belgium,2021,29.255215
Belize,1993,1.7414176
Belize,1994,1.8569639
Belize,1996,1.4761194
Belize,1997,1.2722546
Belize,1998,1.3730793
Belize,1999,1.3380048
Benin,2003,0.9967753
Benin,2011,0.9412837
Benin,2015,0.45000416
Benin,2018,1.6884208
Benin,2021,1.9738088
Bhutan,2003,2.0446267
Bhutan,2007,2.4680724
Bhutan,2012,3.4471009
Bhutan,2017,3.7238173
Bhutan,2022,7.2113876
Bolivia,1997,1.2918137
Bolivia,1999,0.6226093
Bolivia,2000,0.4920399
Bolivia,2001,1.0063305
Bolivia,2002,0.8960738
Bolivia,2004,2.101905
Bolivia,2005,1.244485
Bolivia,2006,1.7212448
Bolivia,2007,2.2269416
Bolivia,2008,2.5275133
Bolivia,2009,2.6306703
Bolivia,2011,3.5780456
Bolivia,2012,3.336639
Bolivia,2013,3.905873
Bolivia,2014,4.024903
Bolivia,2015,4.077816
Bolivia,2016,3.6262503
Bolivia,2017,3.9457626
Bolivia,2018,4.323933
Bolivia,2019,5.3281493
Bolivia,2020,4.897773
Bolivia,2021,5.517209
Bolivia (urban),1990,3.1003253
Bolivia (urban),1992,2.3030896
Bosnia and Herzegovina,2001,6.2806854
Bosnia and Herzegovina,2004,7.8293643
Bosnia and Herzegovina,2007,8.636963
Bosnia and Herzegovina,2011,8.246691
Botswana,1985,0.8291291
Botswana,1993,1.0025923
Botswana,2002,1.135943
Botswana,2009,1.6330947
Botswana,2015,1.808995
Brazil,1981,1.2086811
Brazil,1982,1.1949459
Brazil,1983,1.0246965
Brazil,1984,1.063504
Brazil,1985,1.165441
Brazil,1986,1.9298077
Brazil,1987,1.3540635
Brazil,1988,1.208472
Brazil,1989,1.3010869
Brazil,1990,1.1698277
Brazil,1992,1.1345552
Brazil,1993,1.1909684
Brazil,1995,1.653956
Brazil,1996,1.5604202
Brazil,1997,1.5886714
Brazil,1998,1.6829334
Brazil,1999,1.656998
Brazil,2001,1.7981014
Brazil,2002,1.9367123
Brazil,2003,1.8639585
Brazil,2004,2.0094743
Brazil,2005,2.153839
Brazil,2006,2.4209163
Brazil,2007,2.5066223
Brazil,2008,2.7983265
Brazil,2009,2.889886
Brazil,2011,3.275574
Brazil,2012,3.4729857
Brazil,2013,3.7763634
Brazil,2014,3.9674735
Brazil,2015,3.8040855
Brazil,2016,3.4967558
Brazil,2017,3.4271507
Brazil,2018,3.4210756
Brazil,2019,3.4270198
Brazil,2020,4.9927015
Brazil,2021,3.3090074
Brazil,2022,4.049662
Bulgaria,1992,9.074565
Bulgaria,2006,3.3076932
Bulgaria,2007,5.594922
Bulgaria,2008,6.4668684
Bulgaria,2009,6.38349
Bulgaria,2010,5.5954866
Bulgaria,2011,5.44004
Bulgaria,2012,5.5792136
Bulgaria,2013,5.4627223
Bulgaria,2014,6.5291004
Bulgaria,2015,5.280664
Bulgaria,2016,6.5426874
Bulgaria,2017,7.0078993
Bulgaria,2018,8.000348
Bulgaria,2019,8.446448
Bulgaria,2020,10.208476
Bulgaria,2021,10.025347
Burkina Faso,1994,0.45925528
Burkina Faso,1998,0.51918894
Burkina Faso,2003,0.8377987
Burkina Faso,2009,0.9868451
Burkina Faso,2014,1.4052795
Burkina Faso,2018,1.3791733
Burkina Faso,2021,1.5468074
Burundi,1992,0.7199089
Burundi,1998,0.43764213
Burundi,2006,0.9137095
Burundi,2013,0.8155462
Burundi,2020,0.8543756
Cameroon,1996,1.0129985
Cameroon,2001,1.4992867
Cameroon,2007,1.2764115
Cameroon,2014,1.3440521
Cameroon,2021,1.4901695
Canada,1971,9.877133
Canada,1973,12.35059
Canada,1975,14.3573475
Canada,1977,14.887986
Canada,1979,15.988989
Canada,1981,17.388857
Canada,1982,16.929176
Canada,1984,16.515965
Canada,1985,17.280788
Canada,1986,18.054691
Canada,1987,18.42248
Canada,1988,19.687756
Canada,1989,20.000578
Canada,1990,19.276403
Canada,1991,18.27982
Canada,1992,18.659529
Canada,1993,18.122545
Canada,1994,18.750874
Canada,1995,18.391235
Canada,1996,17.242382
Canada,1997,17.516443
Canada,1998,18.161455
Canada,1999,18.4148
Canada,2000,18.696312
Canada,2001,19.741072
Canada,2002,19.593767
Canada,2003,19.427998
Canada,2004,19.702515
Canada,2005,20.628895
Canada,2006,20.995775
Canada,2007,22.521265
Canada,2008,22.55376
Canada,2009,22.786413
Canada,2010,22.624166
Canada,2011,23.247946
Canada,2012,22.065666
Canada,2013,21.696896
Canada,2014,23.660564
Canada,2015,23.03306
Canada,2016,24.534315
Canada,2017,24.704447
Canada,2018,25.718119
Canada,2019,26.400434
Cape Verde,2001,1.5907062
Cape Verde,2007,2.123967
Cape Verde,2015,2.7461815
Central African Republic,1992,0.25
Central African Republic,2008,0.5232731
Central African Republic,2021,0.64503914
Chad,2003,0.84290403
Chad,2011,0.9494605
Chad,2018,1.3998878
Chad,2022,1.4040484
Chile,1987,1.7580999
Chile,1990,2.08707
Chile,1992,2.528954
Chile,1994,2.5620894
Chile,1996,2.891154
Chile,1998,2.9947824
Chile,2000,2.8471062
Chile,2003,2.9495382
Chile,2006,4.0911283
Chile,2009,4.637411
Chile,2011,5.0350914
Chile,2013,6.33585
Chile,2015,6.906455
Chile,2017,7.531542
Chile,2020,6.8909593
Chile,2022,8.85979
China,1981,0.53326374
China,1984,0.71989906
China,1987,0.80369496
China,1990,0.80097944
China,1993,0.8607595
China,1996,1.0462487
China,1999,1.0150864
China,2002,1.1141062
China,2005,1.5309517
China,2008,1.6505245
China,2010,1.8736566
China,2011,2.1546202
China,2012,2.3348851
China,2013,3.079513
China,2014,3.318296
China,2015,3.6581542
China,2016,3.9361243
China,2017,4.0715475
China,2018,4.4090476
China,2019,4.8110533
China,2020,4.9376197
China,2021,5.7440944
China (rural),1981,0.49769574
China (rural),1984,0.66779083
China (rural),1987,0.7285517
China (rural),1990,0.73374134
China (rural),1993,0.77670103
China (rural),1996,0.93869597
China (rural),1999,0.89500046
China (rural),2002,0.95844686
China (rural),2005,1.2671033
China (rural),2008,1.315852
China (rural),2010,1.4721388
China (rural),2011,1.6502005
China (rural),2012,1.7587411
China (rural),2013,2.4820588
China (rural),2014,2.7068298
China (rural),2015,2.9928455
China (rural),2016,3.1812518
China (rural),2017,3.31819
China (rural),2018,3.6545067
China (rural),2019,4.0884895
China (rural),2020,4.394848
China (rural),2021,5.045859
China (urban),1981,1.1506114
China (urban),1984,1.3608313
China (urban),1987,1.5272682
China (urban),1990,1.314786
China (urban),1993,1.5202055
China (urban),1996,1.7474152
China (urban),1999,1.8542525
China (urban),2002,2.2953732
China (urban),2005,2.727291
China (urban),2008,3.3011463
China (urban),2010,3.773361
China (urban),2011,4.0248404
China (urban),2012,4.3149056
China (urban),2013,4.294256
China (urban),2014,4.479246
China (urban),2015,4.832841
China (urban),2016,5.139293
China (urban),2017,5.1887884
China (urban),2018,5.3945045
China (urban),2019,5.7135386
China (urban),2020,5.6218376
China (urban),2021,6.4493937
Colombia,1992,2.2177567
Colombia,1996,1.2136308
Colombia,1999,0.9473245
Colombia,2000,0.9202657
Colombia,2001,1.0665649
Colombia,2002,1.7308197
Colombia,2003,1.8019873
Colombia,2004,1.9651704
Colombia,2005,2.0846875
Colombia,2008,2.0160835
Colombia,2009,2.1973026
Colombia,2010,2.3824885
Colombia,2011,2.6240268
Colombia,2012,2.6743083
Colombia,2013,2.8147967
Colombia,2014,2.9871671
Colombia,2015,3.1499736
Colombia,2016,3.1691458
Colombia,2017,3.3069592
Colombia,2018,3.2819061
Colombia,2019,3.035972
Colombia,2020,2.24341
Colombia,2021,2.6031125
Colombia,2022,2.9352355
Colombia (urban),1980,1.286817
Colombia (urban),1988,1.7157882
Colombia (urban),1989,1.8027482
Colombia (urban),1991,1.8798492
Comoros,2004,1.7619857
Comoros,2014,1.4769992
Congo,2005,0.8466758
Congo,2011,0.9926037
Costa Rica,1981,0.9949179
Costa Rica,1986,1.6691505
Costa Rica,1989,2.0280552
Costa Rica,1990,2.0761745
Costa Rica,1991,1.8641584
Costa Rica,1992,2.1735606
Costa Rica,1993,2.4385607
Costa Rica,1994,2.8308294
Costa Rica,1995,2.641822
Costa Rica,1996,2.4675522
Costa Rica,1997,2.9043589
Costa Rica,1998,3.315779
Costa Rica,1999,2.8475962
Costa Rica,2000,2.7799196
Costa Rica,2001,3.3053353
Costa Rica,2002,3.5398993
Costa Rica,2003,3.565085
Costa Rica,2004,3.7025597
Costa Rica,2005,4.0352297
Costa Rica,2006,4.0309443
Costa Rica,2007,4.6737227
Costa Rica,2008,4.838858
Costa Rica,2009,4.892654
Costa Rica,2010,5.39013
Costa Rica,2011,5.262753
Costa Rica,2012,5.487897
Costa Rica,2013,5.4207892
Costa Rica,2014,5.475103
Costa Rica,2015,5.5355024
Costa Rica,2016,5.8133836
Costa Rica,2017,6.092018
Costa Rica,2018,5.716488
Costa Rica,2019,5.890174
Costa Rica,2020,4.676835
Costa Rica,2021,5.7945275
Costa Rica,2022,5.853575
Costa Rica,2023,6.0803676
Cote d'Ivoire,1985,2.2963967
Cote d'Ivoire,1986,2.6328282
Cote d'Ivoire,1987,2.1946344
Cote d'Ivoire,1988,1.8897036
Cote d'Ivoire,1992,1.352514
Cote d'Ivoire,1995,1.5495983
Cote d'Ivoire,1998,
Cote d'Ivoire,2008,
Cote d'Ivoire,2015,1.1793627
Cote d'Ivoire,2018,2.0639138
Cote d'Ivoire,2021,2.1618388
Croatia,1988,12.350021
Croatia,2009,9.12239
Croatia,2010,8.36361
Croatia,2011,7.931685
Croatia,2012,7.436673
Croatia,2013,7.7033725
Croatia,2014,8.198625
Croatia,2015,8.442244
Croatia,2016,9.321112
Croatia,2017,9.85742
Croatia,2018,11.378117
Croatia,2019,12.270506
Croatia,2020,12.61961
Croatia,2021,13.943787
Cyprus,2004,20.815424
Cyprus,2005,22.531462
Cyprus,2006,24.045849
Cyprus,2007,24.17983
Cyprus,2008,23.614239
Cyprus,2009,22.89071
Cyprus,2010,23.658657
Cyprus,2011,23.233683
Cyprus,2012,20.593702
Cyprus,2013,19.056587
Cyprus,2014,17.464914
Cyprus,2015,18.043516
Cyprus,2016,19.82242
Cyprus,2017,20.575571
Cyprus,2018,22.463203
Cyprus,2019,22.99984
Cyprus,2020,23.516909
Cyprus,2021,24.299053
Czechia,1992,11.137716
Czechia,1993,10.530282
Czechia,1996,11.682681
Czechia,2002,12.339187
Czechia,2004,12.764843
Czechia,2005,13.259399
Czechia,2006,14.281407
Czechia,2007,15.782248
Czechia,2008,16.363081
Czechia,2009,16.369894
Czechia,2010,15.761287
Czechia,2011,15.673102
Czechia,2012,15.869755
Czechia,2013,15.591655
Czechia,2014,16.56299
Czechia,2015,17.376387
Czechia,2016,18.433079
Czechia,2017,19.309843
Czechia,2018,20.2186
Czechia,2019,21.06594
Czechia,2020,20.80889
Czechia,2021,21.69188
Democratic Republic of Congo,2004,0.29672593
Democratic Republic of Congo,2012,0.58302736
Democratic Republic of Congo,2020,0.4896426
Denmark,1987,24.678299
Denmark,1992,25.434341
Denmark,1995,27.650578
Denmark,2000,28.745243
Denmark,2003,26.771717
Denmark,2004,27.68279
Denmark,2005,28.235813
Denmark,2006,28.76354
Denmark,2007,29.207767
Denmark,2008,29.225319
Denmark,2009,28.07134
Denmark,2010,28.975945
Denmark,2011,29.113087
Denmark,2012,28.79088
Denmark,2013,28.153347
Denmark,2014,29.122257
Denmark,2015,29.807798
Denmark,2016,29.42478
Denmark,2017,29.7315
Denmark,2018,30.584105
Denmark,2019,31.484386
Denmark,2020,32.579445
Denmark,2021,31.859173
Djibouti,2002,1.4952374
Djibouti,2012,1.2935069
Djibouti,2013,1.3894094
Djibouti,2017,1.5540572
Dominican Republic,1986,2.600337
Dominican Republic,1989,1.6389011
Dominican Republic,1992,2.4046488
Dominican Republic,1996,2.6720526
Dominican Republic,1997,2.7410023
Dominican Republic,2000,2.6832163
Dominican Republic,2001,2.8526313
Dominican Republic,2002,2.5691996
Dominican Republic,2003,2.3111928
Dominican Republic,2004,2.0079596
Dominican Republic,2005,2.4149694
Dominican Republic,2006,2.6214845
Dominican Republic,2007,2.7106447
Dominican Republic,2008,2.7857554
Dominican Republic,2009,2.886991
Dominican Republic,2010,2.9317815
Dominican Republic,2011,3.1370003
Dominican Republic,2012,3.0691926
Dominican Republic,2013,3.2161005
Dominican Republic,2014,3.5258248
Dominican Republic,2015,3.8118043
Dominican Republic,2016,3.9636376
Dominican Republic,2017,4.5464873
Dominican Republic,2018,4.849535
Dominican Republic,2019,5.1352324
Dominican Republic,2020,4.7359023
Dominican Republic,2021,4.859976
Dominican Republic,2022,4.993235
East Asia and Pacific (PIP),1990,0.85
East Asia and Pacific (PIP),1991,0.87
East Asia and Pacific (PIP),1992,0.89
East Asia and Pacific (PIP),1993,0.92
East Asia and Pacific (PIP),1994,0.99
East Asia and Pacific (PIP),1995,1.05
East Asia and Pacific (PIP),1996,1.1
East Asia and Pacific (PIP),1997,1.09
East Asia and Pacific (PIP),1998,1.05
East Asia and Pacific (PIP),1999,1.1
East Asia and Pacific (PIP),2000,1.13
East Asia and Pacific (PIP),2001,1.17
East Asia and Pacific (PIP),2002,1.23
East Asia and Pacific (PIP),2003,1.35
East Asia and Pacific (PIP),2004,1.47
East Asia and Pacific (PIP),2005,1.62
East Asia and Pacific (PIP),2006,1.63
East Asia and Pacific (PIP),2007,1.7
East Asia and Pacific (PIP),2008,1.75
East Asia and Pacific (PIP),2009,1.83
East Asia and Pacific (PIP),2010,1.95
East Asia and Pacific (PIP),2011,2.16
East Asia and Pacific (PIP),2012,2.3
East Asia and Pacific (PIP),2013,2.74
East Asia and Pacific (PIP),2014,2.88
East Asia and Pacific (PIP),2015,3.12
East Asia and Pacific (PIP),2016,3.34
East Asia and Pacific (PIP),2017,3.54
East Asia and Pacific (PIP),2018,3.74
East Asia and Pacific (PIP),2019,4
East Asia and Pacific (PIP),2020,4.08
East Asia and Pacific (PIP),2021,4.36
East Asia and Pacific (PIP),2022,4.44
East Asia and Pacific (PIP),2023,4.56
East Asia and Pacific (PIP),2024,4.68
East Timor,2001,1.195898
East Timor,2007,1.3554897
East Timor,2014,1.6566408
Eastern and Southern Africa (PIP),1990,0.71
Eastern and Southern Africa (PIP),1991,0.69
Eastern and Southern Africa (PIP),1992,0.67
Eastern and Southern Africa (PIP),1993,0.64
Eastern and Southern Africa (PIP),1994,0.62
Eastern and Southern Africa (PIP),1995,0.63
Eastern and Southern Africa (PIP),1996,0.64
Eastern and Southern Africa (PIP),1997,0.64
Eastern and Southern Africa (PIP),1998,0.64
Eastern and Southern Africa (PIP),1999,0.63
Eastern and Southern Africa (PIP),2000,0.61
Eastern and Southern Africa (PIP),2001,0.61
Eastern and Southern Africa (PIP),2002,0.62
Eastern and Southern Africa (PIP),2003,0.65
Eastern and Southern Africa (PIP),2004,0.67
Eastern and Southern Africa (PIP),2005,0.69
Eastern and Southern Africa (PIP),2006,0.73
Eastern and Southern Africa (PIP),2007,0.77
Eastern and Southern Africa (PIP),2008,0.81
Eastern and Southern Africa (PIP),2009,0.8
Eastern and Southern Africa (PIP),2010,0.84
Eastern and Southern Africa (PIP),2011,0.87
Eastern and Southern Africa (PIP),2012,0.89
Eastern and Southern Africa (PIP),2013,0.91
Eastern and Southern Africa (PIP),2014,0.91
Eastern and Southern Africa (PIP),2015,0.91
Eastern and Southern Africa (PIP),2016,0.9
Eastern and Southern Africa (PIP),2017,0.88
Eastern and Southern Africa (PIP),2018,0.87
Eastern and Southern Africa (PIP),2019,0.86
Eastern and Southern Africa (PIP),2020,0.82
Eastern and Southern Africa (PIP),2021,0.83
Eastern and Southern Africa (PIP),2022,0.85
Eastern and Southern Africa (PIP),2023,0.86
Eastern and Southern Africa (PIP),2024,0.86
Ecuador,1994,1.4167849
Ecuador,1999,1.1073856
Ecuador,2000,1.0695142
Ecuador,2003,1.6814512
Ecuador,2004,1.6572165
Ecuador,2005,1.9346763
Ecuador,2006,2.405919
Ecuador,2007,2.409093
Ecuador,2008,2.5967684
Ecuador,2009,2.6419237
Ecuador,2010,2.9352171
Ecuador,2011,3.1610384
Ecuador,2012,3.3588269
Ecuador,2013,3.6113899
Ecuador,2014,3.8889546
Ecuador,2015,3.7450895
Ecuador,2016,3.7554827
Ecuador,2017,3.8858707
Ecuador,2018,3.6707911
Ecuador,2019,3.6919491
Ecuador,2020,2.8705401
Ecuador,2021,3.3316371
Ecuador,2022,3.8379998
Ecuador,2023,3.5732248
Ecuador (urban),1987,1.3883678
Ecuador (urban),1995,1.7909136
Ecuador (urban),1998,1.6464534
Egypt,1990,2.4258451
Egypt,1995,2.5688267
Egypt,1999,2.9986508
Egypt,2004,2.7065868
Egypt,2008,2.7980046
Egypt,2010,3.1681669
Egypt,2012,3.4161203
Egypt,2015,3.4217706
Egypt,2017,2.9236405
Egypt,2019,3.1586225
El Salvador,1989,1.0072236
El Salvador,1991,1.0647279
El Salvador,1995,1.7434928
El Salvador,1996,1.6105579
El Salvador,1998,0.88812464
El Salvador,1999,1.2098887
El Salvador,2000,1.7913458
El Salvador,2001,1.6176821
El Salvador,2002,1.5803891
El Salvador,2003,1.4042118
El Salvador,2004,1.9266286
El Salvador,2005,1.9995615
El Salvador,2006,2.4555855
El Salvador,2007,2.8715813
El Salvador,2008,2.4305434
El Salvador,2009,2.4845893
El Salvador,2010,2.613507
El Salvador,2011,2.7509484
El Salvador,2012,2.961869
El Salvador,2013,3.129517
El Salvador,2014,3.196591
El Salvador,2015,3.4575388
El Salvador,2016,3.408462
El Salvador,2017,3.6865773
El Salvador,2018,3.8216631
El Salvador,2019,4.2647057
El Salvador,2021,3.914152
El Salvador,2022,3.9311993
Estonia,1993,4.038833
Estonia,2003,5.2467637
Estonia,2004,6.537838
Estonia,2005,7.715229
Estonia,2006,9.225707
Estonia,2007,11.009585
Estonia,2008,11.1061735
Estonia,2009,10.331313
Estonia,2010,9.011035
Estonia,2011,9.631761
Estonia,2012,10.11877
Estonia,2013,10.046143
Estonia,2014,11.494445
Estonia,2015,12.921362
Estonia,2016,14.74278
Estonia,2017,15.80816
Estonia,2018,16.669535
Estonia,2019,17.85016
Estonia,2020,18.713602
Estonia,2021,21.146164
Eswatini,1994,0.25
Eswatini,2000,0.80955696
Eswatini,2009,0.7616826
Eswatini,2016,1.0665742
Ethiopia,1995,0.78479123
Ethiopia,1999,1.1137428
Ethiopia,2004,1.5204651
Ethiopia,2010,1.4241664
Ethiopia,2015,1.3903704
Ethiopia (rural),1981,0.8732105
Europe and Central Asia (PIP),1990,3.36
Europe and Central Asia (PIP),1991,3.18
Europe and Central Asia (PIP),1992,2.86
Europe and Central Asia (PIP),1993,2.68
Europe and Central Asia (PIP),1994,2.38
Europe and Central Asia (PIP),1995,2.4
Europe and Central Asia (PIP),1996,2.38
Europe and Central Asia (PIP),1997,2.5
Europe and Central Asia (PIP),1998,2.46
Europe and Central Asia (PIP),1999,2.14
Europe and Central Asia (PIP),2000,2.26
Europe and Central Asia (PIP),2001,2.42
Europe and Central Asia (PIP),2002,2.62
Europe and Central Asia (PIP),2003,2.68
Europe and Central Asia (PIP),2004,3.04
Europe and Central Asia (PIP),2005,3.22
Europe and Central Asia (PIP),2006,3.66
Europe and Central Asia (PIP),2007,4.12
Europe and Central Asia (PIP),2008,4.68
Europe and Central Asia (PIP),2009,4.84
Europe and Central Asia (PIP),2010,5
Europe and Central Asia (PIP),2011,5.3
Europe and Central Asia (PIP),2012,5.45
Europe and Central Asia (PIP),2013,5.75
Europe and Central Asia (PIP),2014,5.75
Europe and Central Asia (PIP),2015,5.8
Europe and Central Asia (PIP),2016,6
Europe and Central Asia (PIP),2017,6.2
Europe and Central Asia (PIP),2018,6.5
Europe and Central Asia (PIP),2019,6.65
Europe and Central Asia (PIP),2020,6.75
Europe and Central Asia (PIP),2021,7.35
Europe and Central Asia (PIP),2022,7.45
Europe and Central Asia (PIP),2023,7.65
Europe and Central Asia (PIP),2024,7.8
Fiji,2002,3.4086232
Fiji,2008,3.7402487
Fiji,2013,4.1565084
Fiji,2019,3.3672152
Finland,1987,20.043436
Finland,1991,22.680813
Finland,1995,20.968018
Finland,2000,21.293219
Finland,2003,22.439165
Finland,2004,23.571367
Finland,2005,24.6395
Finland,2006,24.417679
Finland,2007,25.264215
Finland,2008,25.841356
Finland,2009,26.476852
Finland,2010,26.324902
Finland,2011,26.698181
Finland,2012,27.331036
Finland,2013,26.671011
Finland,2014,26.854998
Finland,2015,27.037397
Finland,2016,27.712511
Finland,2017,28.033659
Finland,2018,28.374876
Finland,2019,28.35132
Finland,2020,29.307734
Finland,2021,28.90835
France,1970,9.504482
France,1975,12.363935
France,1979,14.623262
France,1984,15.517916
France,1990,16.887442
France,1996,17.465008
France,1997,17.628326
France,1998,18.503452
France,1999,18.789448
France,2000,19.19543
France,2001,19.688534
France,2002,20.979061
France,2003,20.491085
France,2004,21.048752
France,2005,21.154856
France,2006,20.511497
France,2007,23.728542
France,2008,23.751608
France,2009,23.130318
France,2010,23.440414
France,2011,23.841236
France,2012,23.668016
France,2013,23.796492
France,2014,24.213263
France,2015,23.901432
France,2016,24.4765
France,2017,24.629
France,2018,24.751944
France,2019,23.135792
France,2020,24.153225
France,2021,22.751316
Gabon,2005,2.6612697
Gabon,2017,3.9113483
Gambia,1998,0.44335285
Gambia,2003,0.80579627
Gambia,2010,1.3158809
Gambia,2015,1.9531848
Gambia,2020,1.7392391
Georgia,1996,2.549317
Georgia,1997,1.5028514
Georgia,1998,1.6081396
Georgia,1999,1.435085
Georgia,2000,1.3716965
Georgia,2001,1.4240364
Georgia,2002,1.9328789
Georgia,2003,1.9314361
Georgia,2004,1.969792
Georgia,2005,1.9149946
Georgia,2006,1.9358283
Georgia,2007,1.829912
Georgia,2008,1.9450285
Georgia,2009,1.9560448
Georgia,2010,1.8086023
Georgia,2011,1.8579108
Georgia,2012,2.0948124
Georgia,2013,2.3557835
Georgia,2014,2.5962272
Georgia,2015,2.753767
Georgia,2016,2.766664
Georgia,2017,2.6723676
Georgia,2018,2.714321
Georgia,2019,2.844912
Georgia,2020,2.6398466
Georgia,2021,2.7152991
Georgia,2022,3.1246471
Germany,1991,23.615812
Germany,1992,24.129402
Germany,1993,24.512415
Germany,1994,23.130192
Germany,1995,23.608318
Germany,1996,24.544619
Germany,1997,23.956827
Germany,1998,24.958149
Germany,1999,25.379148
Germany,2000,25.516277
Germany,2001,25.201042
Germany,2002,25.534147
Germany,2003,25.376486
Germany,2004,25.144918
Germany,2005,24.455946
Germany,2006,24.962004
Germany,2007,25.303051
Germany,2008,25.177717
Germany,2009,25.032223
Germany,2010,25.575583
Germany,2011,25.664356
Germany,2012,24.804731
Germany,2013,25.156595
Germany,2014,24.538918
Germany,2015,25.31618
Germany,2016,25.532816
Germany,2017,25.864355
Germany,2018,26.815619
Germany,2019,26.774414
Germany,2020,28.054615
Ghana,1987,0.8225844
Ghana,1988,0.845986
Ghana,1991,0.7746109
Ghana,1998,0.78503156
Ghana,2005,0.9431147
Ghana,2012,1.3658133
Ghana,2016,1.2541733
Greece,1995,8.904903
Greece,2000,10.93612
Greece,2003,13.815954
Greece,2004,14.609533
Greece,2005,14.059135
Greece,2006,14.229498
Greece,2007,14.751243
Greece,2008,15.164188
Greece,2009,15.700627
Greece,2010,12.905519
Greece,2011,9.59266
Greece,2012,7.9309416
Greece,2013,7.49486
Greece,2014,7.874406
Greece,2015,7.9582453
Greece,2016,8.50174
Greece,2017,9.082189
Greece,2018,10.005177
Greece,2019,10.610237
Greece,2020,10.323669
Greece,2021,11.669559
Grenada,2018,5.741758
Guatemala,1986,0.558142
Guatemala,1989,0.6424669
Guatemala,1998,1.7087176
Guatemala,2000,2.1937888
Guatemala,2006,1.9718788
Guatemala,2014,2.2105067
Guinea,1991,0.25
Guinea,1994,1.0189143
Guinea,2002,0.8565682
Guinea,2007,0.989636
Guinea,2012,1.5315729
Guinea,2018,1.9240328
Guinea-Bissau,1991,0.4392128
Guinea-Bissau,1993,1.0604093
Guinea-Bissau,2002,0.9950285
Guinea-Bissau,2010,0.61697733
Guinea-Bissau,2018,1.6998923
Guinea-Bissau,2021,1.5853527
Guyana,1992,1.118758
Guyana,1998,1.9123385
Haiti,2001,0.31127864
Haiti,2012,0.3609948
Honduras,1989,0.75924724
Honduras,1990,0.6858735
Honduras,1991,1.062155
Honduras,1992,1.2255328
Honduras,1993,1.3531879
Honduras,1994,1.1675345
Honduras,1995,1.173181
Honduras,1996,0.9746003
Honduras,1997,1.4552158
Honduras,1998,0.92259264
Honduras,1999,0.93279725
Honduras,2001,1.3062603
Honduras,2002,1.2146024
Honduras,2003,1.0172294
Honduras,2004,1.0402422
Honduras,2005,0.91306674
Honduras,2006,1.0909989
Honduras,2007,1.5896848
Honduras,2008,1.6105918
Honduras,2009,1.8997653
Honduras,2010,1.7852172
Honduras,2011,1.6803691
Honduras,2012,1.4939795
Honduras,2013,1.6632565
Honduras,2014,1.8655161
Honduras,2015,1.8553236
Honduras,2016,1.714783
Honduras,2017,1.7499713
Honduras,2018,1.7374606
Honduras,2019,1.911765
Honduras (urban),1986,0.6226273
Hungary,1987,12.447651
Hungary,1989,5.356393
Hungary,1991,8.247373
Hungary,1993,7.8239903
Hungary,1994,6.793123
Hungary,1999,7.0163693
Hungary,2004,8.235926
Hungary,2005,7.906798
Hungary,2006,9.237403
Hungary,2007,8.988837
Hungary,2008,9.196725
Hungary,2009,8.772603
Hungary,2010,8.418567
Hungary,2011,8.481928
Hungary,2012,7.68077
Hungary,2013,7.8802023
Hungary,2014,8.573621
Hungary,2015,9.142626
Hungary,2016,10.104425
Hungary,2017,10.446882
Hungary,2018,11.254211
Hungary,2019,13.261575
Hungary,2020,13.266785
Hungary,2021,15.686832
Iceland,2003,23.924519
Iceland,2004,24.946705
Iceland,2005,24.68836
Iceland,2006,27.276804
Iceland,2007,29.325264
Iceland,2008,28.893566
Iceland,2009,25.973772
Iceland,2010,24.064594
Iceland,2011,23.780506
Iceland,2012,23.815294
Iceland,2013,25.905493
Iceland,2014,26.322155
Iceland,2015,28.115791
Iceland,2016,29.876108
Iceland,2017,31.839766
India,1977,0.9337278
India,1983,1.0440218
India,1987,1.1707973
India,1993,1.2620503
India,2004,1.3855886
India,2009,1.4842107
India,2011,1.6949446
India,2015,1.8142668
India,2016,1.8300029
India,2017,2.0011444
India,2018,2.0921264
India,2019,1.9802604
India,2020,1.86826
India,2021,1.9771403
India (rural),1977,0.8916874
India (rural),1983,0.98666674
India (rural),1987,1.1338614
India (rural),1993,1.2223386
India (rural),2004,1.3457196
India (rural),2009,1.4441664
India (rural),2011,1.6350105
India (rural),2015,1.7390504
India (rural),2016,1.787264
India (rural),2017,1.9725176
India (rural),2018,2.0738232
India (rural),2019,1.9411311
India (rural),2020,1.8307377
India (rural),2021,1.9337606
India (urban),1977,1.1544921
India (urban),1983,1.3034914
India (urban),1987,1.3247544
India (urban),1993,1.4823784
India (urban),2004,1.5468694
India (urban),2009,1.6988539
India (urban),2011,1.9183686
India (urban),2015,2.0521963
India (urban),2016,1.9442749
India (urban),2017,2.0888648
India (urban),2018,2.1549194
India (urban),2019,2.071092
India (urban),2020,1.9484813
India (urban),2021,2.1067946
Indonesia,1984,0.7796073
Indonesia,1987,0.8583167
Indonesia,1990,1.0430868
Indonesia,1993,1.0815488
Indonesia,1996,1.2217996
Indonesia,1998,0.9790147
Indonesia,1999,1.3486463
Indonesia,2000,1.3458456
Indonesia,2001,1.3970146
Indonesia,2002,1.7459545
Indonesia,2003,1.72956
Indonesia,2004,1.6543132
Indonesia,2005,1.7924465
Indonesia,2006,1.6111116
Indonesia,2007,1.7286566
Indonesia,2008,1.8089744
Indonesia,2009,1.8021522
Indonesia,2010,1.8941948
Indonesia,2011,1.9719787
Indonesia,2012,2.1217268
Indonesia,2013,2.11072
Indonesia,2014,2.164904
Indonesia,2015,2.2403772
Indonesia,2016,2.3710666
Indonesia,2017,2.624885
Indonesia,2018,2.6371386
Indonesia,2019,2.749422
Indonesia,2020,2.8244226
Indonesia,2021,2.8481038
Indonesia,2022,2.9885662
Indonesia,2023,3.0955043
Iran,1986,2.2207434
Iran,1990,2.2625263
Iran,1994,2.7512455
Iran,1998,2.7775223
Iran,2005,4.5372634
Iran,2006,4.4682064
Iran,2009,4.575274
Iran,2011,5.1815844
Iran,2012,5.398095
Iran,2013,5.2606235
Iran,2014,4.893457
Iran,2015,4.9587846
Iran,2016,4.9679565
Iran,2017,5.0467105
Iran,2018,4.798362
Iran,2019,4.4141297
Iran,2020,4.3343816
Iran,2021,4.6565986
Iran,2022,5.025574
Iraq,2006,5.107185
Iraq,2012,5.143826
Ireland,1987,7.169061
Ireland,1994,10.065975
Ireland,1995,10.228698
Ireland,1996,10.911518
Ireland,2000,15.476463
Ireland,2002,16.444592
Ireland,2003,17.438065
Ireland,2004,17.450459
Ireland,2005,19.05535
Ireland,2006,21.18005
Ireland,2007,21.765596
Ireland,2008,20.123981
Ireland,2009,18.90307
Ireland,2010,18.296783
Ireland,2011,17.003944
Ireland,2012,17.297274
Ireland,2013,17.085213
Ireland,2014,19.098108
Ireland,2015,19.650543
Ireland,2016,20.66846
Ireland,2017,23.260721
Ireland,2018,24.772188
Ireland,2019,24.695326
Ireland,2020,27.133295
Ireland,2021,27.765585
Israel,1979,7.032255
Israel,1986,6.795105
Israel,1992,8.5240965
Israel,1997,8.0017805
Israel,2001,8.59678
Israel,2002,7.102513
Israel,2003,7.1478686
Israel,2004,6.8865705
Israel,2005,6.953162
Israel,2006,7.2047987
Israel,2007,7.8853674
Israel,2008,7.9339867
Israel,2009,7.566491
Israel,2010,7.6139684
Israel,2011,8.126676
Israel,2012,8.208598
Israel,2013,9.090094
Israel,2014,9.212717
Israel,2015,9.261632
Israel,2016,9.89603
Israel,2017,10.284975
Israel,2018,10.760424
Israel,2019,10.6723175
Israel,2020,10.925069
Israel,2021,11.220998
Italy,1977,9.344736
Italy,1978,10.024414
Italy,1979,10.881119
Italy,1980,11.996175
Italy,1981,11.464079
Italy,1982,12.605462
Italy,1983,12.390835
Italy,1984,12.397296
Italy,1986,11.9391365
Italy,1987,12.390984
Italy,1989,14.9076605
Italy,1991,15.088448
Italy,1993,11.925064
Italy,1995,11.62204
Italy,1998,12.072402
Italy,2000,12.868836
Italy,2002,13.666962
Italy,2003,17.432428
Italy,2004,18.237059
Italy,2005,17.7226
Italy,2006,18.52482
Italy,2007,19.091957
Italy,2008,18.270926
Italy,2009,18.20863
Italy,2010,17.16778
Italy,2011,16.718616
Italy,2012,15.9914665
Italy,2013,15.586866
Italy,2014,15.389699
Italy,2015,14.978776
Italy,2016,15.99537
Italy,2017,15.814056
Italy,2018,15.97339
Italy,2019,17.259033
Italy,2020,17.427618
Italy,2021,18.424112
Jamaica,1988,2.790205
Jamaica,1990,3.0226388
Jamaica,1993,2.3270557
Jamaica,1996,3.4202964
Jamaica,1999,3.9982388
Jamaica,2002,3.8354023
Jamaica,2004,4.156998
Jamaica,2018,7.0400314
Jamaica,2021,5.9241567
Japan,2008,14.499244
Japan,2010,22.543676
Japan,2013,20.99507
Jordan,1986,6.226463
Jordan,1992,4.0246544
Jordan,1997,4.4366193
Jordan,2002,5.139088
Jordan,2006,6.254817
Jordan,2008,6.5178843
Jordan,2010,7.197194
Kazakhstan,1993,2.2779632
Kazakhstan,1996,2.3374038
Kazakhstan,2001,1.9558418
Kazakhstan,2002,2.2275019
Kazakhstan,2003,2.470742
Kazakhstan,2004,2.8536465
Kazakhstan,2005,2.269911
Kazakhstan,2006,3.8219554
Kazakhstan,2007,4.4180646
Kazakhstan,2008,4.6567984
Kazakhstan,2009,4.5567274
Kazakhstan,2010,4.9780674
Kazakhstan,2011,5.8321133
Kazakhstan,2012,5.8365955
Kazakhstan,2013,6.4036264
Kazakhstan,2014,6.2631288
Kazakhstan,2015,6.0317097
Kazakhstan,2016,5.474321
Kazakhstan,2017,5.9110537
Kazakhstan,2018,6.3429003
Kazakhstan,2019,6.312493
Kazakhstan,2020,6.452056
Kazakhstan,2021,6.7803164
Kenya,1992,1.2361032
Kenya,1994,1.2935753
Kenya,1997,1.4385625
Kenya,2005,1.0954463
Kenya,2015,1.3639505
Kenya,2020,1.3288122
Kenya,2021,1.3604331
Kiribati,2006,1.8760017
Kiribati,2019,3.0471387
Kosovo,2003,2.8608837
Kosovo,2005,2.7323573
Kosovo,2006,2.755655
Kosovo,2009,3.006761
Kosovo,2010,3.0368857
Kosovo,2011,3.352978
Kosovo,2012,3.995506
Kosovo,2013,4.422102
Kosovo,2014,4.1407022
Kosovo,2015,4.5762734
Kosovo,2016,4.534654
Kosovo,2017,4.600875
Kyrgyzstan,2000,1.3691452
Kyrgyzstan,2001,1.4413292
Kyrgyzstan,2002,1.4636713
Kyrgyzstan,2003,1.6478689
Kyrgyzstan,2004,2.080939
Kyrgyzstan,2005,1.982685
Kyrgyzstan,2006,2.2392442
Kyrgyzstan,2007,2.240663
Kyrgyzstan,2008,2.795234
Kyrgyzstan,2009,3.101696
Kyrgyzstan,2010,2.8627994
Kyrgyzstan,2011,3.1101394
Kyrgyzstan,2012,3.0645106
Kyrgyzstan,2013,2.845102
Kyrgyzstan,2014,3.2018726
Kyrgyzstan,2015,3.0177073
Kyrgyzstan,2016,3.2281656
Kyrgyzstan,2017,3.2246866
Kyrgyzstan,2018,3.432844
Kyrgyzstan,2019,3.5245025
Kyrgyzstan,2020,3.1133854
Kyrgyzstan,2021,3.4600708
Kyrgyzstan,2022,3.5546985
Laos,1992,1.6911033
Laos,1997,1.2656375
Laos,2002,1.643061
Laos,2007,1.7620373
Laos,2012,2.1007988
Laos,2018,2.3601632
Latin America and the Caribbean (PIP),1990,1.5
Latin America and the Caribbean (PIP),1991,1.55
Latin America and the Caribbean (PIP),1992,1.57
Latin America and the Caribbean (PIP),1993,1.57
Latin America and the Caribbean (PIP),1994,1.67
Latin America and the Caribbean (PIP),1995,1.71
Latin America and the Caribbean (PIP),1996,1.58
Latin America and the Caribbean (PIP),1997,1.59
Latin America and the Caribbean (PIP),1998,1.62
Latin America and the Caribbean (PIP),1999,1.6
Latin America and the Caribbean (PIP),2000,1.7
Latin America and the Caribbean (PIP),2001,1.73
Latin America and the Caribbean (PIP),2002,1.83
Latin America and the Caribbean (PIP),2003,1.87
Latin America and the Caribbean (PIP),2004,1.99
Latin America and the Caribbean (PIP),2005,2.06
Latin America and the Caribbean (PIP),2006,2.32
Latin America and the Caribbean (PIP),2007,2.52
Latin America and the Caribbean (PIP),2008,2.64
Latin America and the Caribbean (PIP),2009,2.72
Latin America and the Caribbean (PIP),2010,2.9
Latin America and the Caribbean (PIP),2011,3.06
Latin America and the Caribbean (PIP),2012,3.12
Latin America and the Caribbean (PIP),2013,3.28
Latin America and the Caribbean (PIP),2014,3.38
Latin America and the Caribbean (PIP),2015,3.5
Latin America and the Caribbean (PIP),2016,3.48
Latin America and the Caribbean (PIP),2017,3.52
Latin America and the Caribbean (PIP),2018,3.56
Latin America and the Caribbean (PIP),2019,3.6
Latin America and the Caribbean (PIP),2020,3.66
Latin America and the Caribbean (PIP),2021,3.52
Latin America and the Caribbean (PIP),2022,3.9
Latin America and the Caribbean (PIP),2023,3.96
Latin America and the Caribbean (PIP),2024,4
Latvia,1993,4.26842
Latvia,1995,4.3293233
Latvia,1996,4.0853095
Latvia,2004,4.862899
Latvia,2005,5.0053887
Latvia,2006,7.100804
Latvia,2007,8.555482
Latvia,2008,7.895239
Latvia,2009,6.2822413
Latvia,2010,6.224807
Latvia,2011,6.5124316
Latvia,2012,6.746168
Latvia,2013,7.5027456
Latvia,2014,8.289356
Latvia,2015,9.710845
Latvia,2016,10.000746
Latvia,2017,10.292159
Latvia,2018,11.910884
Latvia,2019,12.518104
Latvia,2020,13.024328
Latvia,2021,14.139772
Lebanon,2011,12.643773
Lesotho,1986,0.49480122
Lesotho,1994,0.31836754
Lesotho,2002,0.35224232
Lesotho,2017,1.1403679
Liberia,2007,0.8690636
Liberia,2014,1.5601921
Liberia,2016,1.4462403
Lithuania,1993,2.399537
Lithuania,2004,4.3360233
Lithuania,2005,5.4789925
Lithuania,2006,7.4270754
Lithuania,2007,8.505873
Lithuania,2008,9.203508
Lithuania,2009,6.827472
Lithuania,2010,6.7201247
Lithuania,2011,7.846031
Lithuania,2012,7.863294
Lithuania,2013,8.690458
Lithuania,2014,8.422049
Lithuania,2015,8.80203
Lithuania,2016,9.97374
Lithuania,2017,10.979812
Lithuania,2018,12.055391
Lithuania,2019,14.237049
Lithuania,2020,16.899275
Lithuania,2021,16.812494
Luxembourg,1985,22.616493
Luxembourg,1986,23.604002
Luxembourg,1987,24.977365
Luxembourg,1988,27.130714
Luxembourg,1989,28.927038
Luxembourg,1990,30.697668
Luxembourg,1991,30.55492
Luxembourg,1992,31.491129
Luxembourg,1993,32.616127
Luxembourg,1994,29.274855
Luxembourg,1995,30.096287
Luxembourg,1996,28.911356
Luxembourg,1997,29.419771
Luxembourg,1998,29.146229
Luxembourg,1999,30.35827
Luxembourg,2000,30.363228
Luxembourg,2001,31.335024
Luxembourg,2002,34.9819
Luxembourg,2003,32.701168
Luxembourg,2004,33.352833
Luxembourg,2005,34.715244
Luxembourg,2006,33.41468
Luxembourg,2007,34.273838
Luxembourg,2008,32.39439
Luxembourg,2009,33.359245
Luxembourg,2010,33.847996
Luxembourg,2011,31.141466
Luxembourg,2012,30.26079
Luxembourg,2013,30.703825
Luxembourg,2014,32.084755
Luxembourg,2015,28.626976
Luxembourg,2016,32.24475
Luxembourg,2017,28.979057
Luxembourg,2018,29.251125
Luxembourg,2019,31.198177
Luxembourg,2020,33.8159
Luxembourg,2021,37.03399
Madagascar,1980,0.8245654
Madagascar,1993,0.59685403
Madagascar,1997,0.63858294
Madagascar,1999,0.6782868
Madagascar,2001,0.5280835
Madagascar,2005,0.68875474
Madagascar,2010,0.5359568
Madagascar,2012,0.4749605
Malawi,1997,0.93839604
Malawi,2004,0.78470933
Malawi,2010,0.6478573
Malawi,2016,0.8322302
Malawi,2019,0.7415027
Malaysia,1984,3.025797
Malaysia,1987,3.0961866
Malaysia,1989,3.1958072
Malaysia,1992,3.2267103
Malaysia,1995,3.2299955
Malaysia,1997,3.9190497
Malaysia,2003,3.9559772
Malaysia,2006,4.6594715
Malaysia,2008,4.626769
Malaysia,2011,6.1726274
Malaysia,2013,7.9868674
Malaysia,2015,8.817102
Malaysia,2018,9.709989
Malaysia,2021,10.553914
Maldives,2002,2.529131
Maldives,2009,2.7807932
Maldives,2016,8.248884
Maldives,2019,8.475818
Mali,1994,0.33720902
Mali,2001,0.85649407
Mali,2006,0.96653605
Mali,2009,1.1436188
Mali,2018,1.9370224
Mali,2021,1.7071596
Malta,2006,15.631949
Malta,2007,16.627277
Malta,2008,16.957256
Malta,2009,16.265583
Malta,2010,16.995306
Malta,2011,17.392067
Malta,2012,17.484213
Malta,2013,19.016464
Malta,2014,20.2136
Malta,2015,20.534035
Malta,2016,21.362856
Malta,2017,21.95902
Malta,2018,22.248762
Malta,2019,23.413755
Malta,2020,24.144358
Marshall Islands,2019,4.3562264
Mauritania,1987,0.73561025
Mauritania,1993,1.079521
Mauritania,1995,1.5361805
Mauritania,2000,1.5456258
Mauritania,2004,1.697219
Mauritania,2008,2.0368154
Mauritania,2014,2.491939
Mauritania,2019,2.5952482
Mauritius,2006,5.17665
Mauritius,2012,5.4810658
Mauritius,2017,6.196184
Mexico,1984,2.3372104
Mexico,1989,2.3393383
Mexico,1992,2.4167933
Mexico,1994,2.3743122
Mexico,1996,1.828363
Mexico,1998,1.6785506
Mexico,2000,2.0666704
Mexico,2002,2.460281
Mexico,2004,2.6331413
Mexico,2005,2.5259657
Mexico,2006,2.950636
Mexico,2008,2.7733889
Mexico,2010,3.0301337
Mexico,2012,3.1291497
Mexico,2014,3.1996515
Mexico,2016,3.8391829
Mexico,2018,4.057523
Mexico,2020,3.9859211
Mexico,2022,4.8969784
Micronesia (country),2005,2.2882955
Micronesia (country),2013,1.6429278
Micronesia (country) (urban),2000,0.39079428
Middle East and North Africa (PIP),1990,2.44
Middle East and North Africa (PIP),1991,2.44
Middle East and North Africa (PIP),1992,2.52
Middle East and North Africa (PIP),1993,2.54
Middle East and North Africa (PIP),1994,2.58
Middle East and North Africa (PIP),1995,2.58
Middle East and North Africa (PIP),1996,2.66
Middle East and North Africa (PIP),1997,2.7
Middle East and North Africa (PIP),1998,2.8
Middle East and North Africa (PIP),1999,2.84
Middle East and North Africa (PIP),2000,2.9
Middle East and North Africa (PIP),2001,2.9
Middle East and North Africa (PIP),2002,2.94
Middle East and North Africa (PIP),2003,2.96
Middle East and North Africa (PIP),2004,3.02
Middle East and North Africa (PIP),2005,3.04
Middle East and North Africa (PIP),2006,3.08
Middle East and North Africa (PIP),2007,3.1
Middle East and North Africa (PIP),2008,3.14
Middle East and North Africa (PIP),2009,3.26
Middle East and North Africa (PIP),2010,3.38
Middle East and North Africa (PIP),2011,3.44
Middle East and North Africa (PIP),2012,3.46
Middle East and North Africa (PIP),2013,3.44
Middle East and North Africa (PIP),2014,3.38
Middle East and North Africa (PIP),2015,3.28
Middle East and North Africa (PIP),2016,3.1
Middle East and North Africa (PIP),2017,3.04
Middle East and North Africa (PIP),2018,3.02
Middle East and North Africa (PIP),2019,3.08
Middle East and North Africa (PIP),2020,2.94
Middle East and North Africa (PIP),2021,2.82
Middle East and North Africa (PIP),2022,2.82
Middle East and North Africa (PIP),2023,2.78
Middle East and North Africa (PIP),2024,2.72
Moldova,1997,1.8813404
Moldova,1998,1.4056585
Moldova,1999,1.2245029
Moldova,2000,1.3315624
Moldova,2001,1.5312142
Moldova,2002,1.9426785
Moldova,2003,2.5206394
Moldova,2004,2.4155579
Moldova,2005,2.0721617
Moldova,2006,3.5807004
Moldova,2007,4.173489
Moldova,2008,4.0404873
Moldova,2009,4.151412
Moldova,2010,4.550134
Moldova,2011,4.9144545
Moldova,2012,5.1350865
Moldova,2013,5.5495133
Moldova,2014,5.6610475
Moldova,2015,5.9624677
Moldova,2016,5.934215
Moldova,2017,5.89946
Moldova,2018,6.285495
Moldova,2019,6.2174015
Moldova,2021,6.264718
Mongolia,1995,1.8607512
Mongolia,1998,1.3242823
Mongolia,2002,2.0281973
Mongolia,2007,3.2248971
Mongolia,2010,3.4015312
Mongolia,2011,3.779064
Mongolia,2012,4.239194
Mongolia,2014,4.695906
Mongolia,2016,3.8311362
Mongolia,2018,4.069728
Mongolia,2022,5.193651
Montenegro,2012,3.5949235
Montenegro,2013,4.116205
Montenegro,2014,4.0702853
Montenegro,2015,4.0082107
Montenegro,2016,4.8229413
Montenegro,2017,4.8547544
Montenegro,2018,4.728378
Montenegro,2019,5.4257393
Montenegro,2020,5.683284
Montenegro,2021,6.2768865
Morocco,1984,1.9250205
Morocco,1990,2.6383836
Morocco,1998,2.2848866
Morocco,2000,2.2997196
Morocco,2006,2.7970486
Morocco,2013,3.6752458
Mozambique,1996,0.32960525
Mozambique,2002,0.49992964
Mozambique,2008,0.5820328
Mozambique,2014,0.63239664
Mozambique,2019,0.5003949
Myanmar,2015,2.471442
Myanmar,2017,3.00269
Namibia,1993,0.52008855
Namibia,2003,1.1332822
Namibia,2009,1.3722962
Namibia,2015,1.6271863
Nauru,2012,2.7869372
Nepal,1984,0.930957
Nepal,1995,1.0415406
Nepal,2003,1.2569593
Nepal,2010,2.265892
Nepal,2022,3.9688883
Netherlands,1983,17.637474
Netherlands,1987,19.389948
Netherlands,1990,21.676332
Netherlands,1993,19.604036
Netherlands,1999,24.694696
Netherlands,2004,23.206472
Netherlands,2005,24.123682
Netherlands,2006,25.285116
Netherlands,2007,26.861877
Netherlands,2008,26.232182
Netherlands,2009,26.842756
Netherlands,2010,26.284863
Netherlands,2011,26.368544
Netherlands,2012,26.447802
Netherlands,2013,25.091335
Netherlands,2014,25.422094
Netherlands,2015,27.230122
Netherlands,2016,28.019571
Netherlands,2017,28.44336
Netherlands,2018,28.681824
Netherlands,2019,28.607756
Netherlands,2020,31.55683
Netherlands,2021,32.33745
Nicaragua,1993,0.5650957
Nicaragua,1998,1.0583403
Nicaragua,2001,1.60583
Nicaragua,2005,2.2204747
Nicaragua,2009,2.343034
Nicaragua,2014,3.1916199
Niger,1992,0.5812283
Niger,1994,0.41236898
Niger,2005,0.52485883
Niger,2007,0.7105842
Niger,2011,1.0698383
Niger,2014,1.0600224
Niger,2018,1.1155838
Niger,2021,1.2076123
Nigeria,1985,0.8731705
Nigeria,1992,0.5873177
Nigeria,1996,0.54671925
Nigeria,2003,0.85617393
Nigeria,2010,1.2730931
Nigeria,2012,1.2952706
Nigeria,2015,1.3227159
Nigeria,2018,1.3364742
North Macedonia,2009,2.2543554
North Macedonia,2010,2.0442402
North Macedonia,2011,2.3748477
North Macedonia,2012,2.8167264
North Macedonia,2013,3.184125
North Macedonia,2014,3.5720582
North Macedonia,2015,3.5765555
North Macedonia,2016,3.7371247
North Macedonia,2017,3.8726904
North Macedonia,2018,4.3631754
North Macedonia,2019,4.596356
Norway,1979,14.491938
Norway,1986,20.27547
Norway,1991,21.436323
Norway,1995,21.261196
Norway,2000,25.765524
Norway,2003,26.6686
Norway,2004,26.553864
Norway,2005,27.857498
Norway,2006,27.072664
Norway,2007,31.080332
Norway,2008,30.458427
Norway,2009,31.758833
Norway,2010,32.4147
Norway,2011,33.516518
Norway,2012,34.1425
Norway,2013,35.459232
Norway,2014,35.475777
Norway,2015,34.803097
Norway,2016,33.65945
Norway,2017,34.530724
Norway,2018,34.540348
Norway,2019,34.47052
Other high income countries (PIP),1990,13.8
Other high income countries (PIP),1991,14.1
Other high income countries (PIP),1992,14.1
Other high income countries (PIP),1993,13.9
Other high income countries (PIP),1994,14.4
Other high income countries (PIP),1995,14.8
Other high income countries (PIP),1996,15.1
Other high income countries (PIP),1997,15.5
Other high income countries (PIP),1998,15.6
Other high income countries (PIP),1999,16.3
Other high income countries (PIP),2000,16.8
Other high income countries (PIP),2001,17.1
Other high income countries (PIP),2002,17.3
Other high income countries (PIP),2003,17.6
Other high income countries (PIP),2004,18
Other high income countries (PIP),2005,18.3
Other high income countries (PIP),2006,18.5
Other high income countries (PIP),2007,19
Other high income countries (PIP),2008,18.7
Other high income countries (PIP),2009,19.5
Other high income countries (PIP),2010,20
Other high income countries (PIP),2011,19.7
Other high income countries (PIP),2012,19.4
Other high income countries (PIP),2013,19.4
Other high income countries (PIP),2014,19.5
Other high income countries (PIP),2015,20
Other high income countries (PIP),2016,20.4
Other high income countries (PIP),2017,20.7
Other high income countries (PIP),2018,21.2
Other high income countries (PIP),2019,21.9
Other high income countries (PIP),2020,22.4
Other high income countries (PIP),2021,23
Other high income countries (PIP),2022,22.5
Other high income countries (PIP),2023,22.8
Other high income countries (PIP),2024,23.1
Pakistan,1987,0.9206432
Pakistan,1990,0.90314597
Pakistan,1996,1.7860552
Pakistan,1998,1.5669212
Pakistan,2001,1.5589468
Pakistan,2004,1.7864953
Pakistan,2005,1.8214804
Pakistan,2007,1.9784262
Pakistan,2010,2.182308
Pakistan,2011,2.164212
Pakistan,2013,2.2953756
Pakistan,2015,2.4495308
Pakistan,2018,2.4623537
Palestine,2004,5.0700965
Palestine,2005,5.070967
Palestine,2006,5.379901
Palestine,2007,4.758393
Palestine,2009,5.685877
Palestine,2010,5.5684667
Palestine,2011,5.733899
Palestine,2016,5.296297
Panama,1979,2.6105568
Panama,1989,0.28365782
Panama,1991,0.6471958
Panama,1995,0.9275673
Panama,1997,1.3351977
Panama,1998,1.2021852
Panama,1999,1.58943
Panama,2000,1.9457432
Panama,2001,1.5266519
Panama,2002,2.2115865
Panama,2003,2.166072
Panama,2004,2.3438478
Panama,2005,2.398499
Panama,2006,2.2739997
Panama,2007,2.7728443
Panama,2008,3.5291924
Panama,2009,4.13989
Panama,2010,3.8369231
Panama,2011,4.4436526
Panama,2012,4.0102296
Panama,2013,4.6058564
Panama,2014,4.505861
Panama,2015,5.0264845
Panama,2016,5.1037254
Panama,2017,5.338321
Panama,2018,5.907234
Panama,2019,5.9782286
Panama,2021,5.759954
Panama,2023,5.674524
Papua New Guinea,1996,0.77088016
Papua New Guinea,2009,0.89606833
Paraguay,1990,4.7981615
Paraguay,1995,1.761439
Paraguay,1997,2.0545132
Paraguay,1999,2.1112864
Paraguay,2001,2.3148282
Paraguay,2002,1.7641381
Paraguay,2003,2.3768995
Paraguay,2004,2.765143
Paraguay,2005,2.844701
Paraguay,2006,2.396116
Paraguay,2007,2.5318487
Paraguay,2008,3.0999546
Paraguay,2009,2.9851224
Paraguay,2010,2.9465272
Paraguay,2011,2.9914975
Paraguay,2012,3.6285067
Paraguay,2013,4.351969
Paraguay,2014,4.1616454
Paraguay,2015,4.2896843
Paraguay,2016,4.3080783
Paraguay,2017,4.650007
Paraguay,2018,4.795368
Paraguay,2019,4.861498
Paraguay,2020,4.7300305
Paraguay,2021,4.7777348
Paraguay,2022,4.887329
Peru,1997,1.2980907
Peru,1998,1.3480651
Peru,1999,1.3235109
Peru,2000,1.4324216
Peru,2001,1.367547
Peru,2002,1.4783367
Peru,2003,1.748315
Peru,2004,1.6085929
Peru,2005,1.4739857
Peru,2006,1.6019996
Peru,2007,1.8114023
Peru,2008,2.0423732
Peru,2009,2.2930226
Peru,2010,2.5791512
Peru,2011,2.7123053
Peru,2012,2.8170495
Peru,2013,3.00582
Peru,2014,3.107648
Peru,2015,3.1700163
Peru,2016,3.2217937
Peru,2017,3.2590156
Peru,2018,3.5261245
Peru,2019,3.707487
Peru,2020,2.7138014
Peru,2021,3.6517425
Peru,2022,3.7339869
Philippines,1985,1.405457
Philippines,1988,1.5401047
Philippines,1991,1.441417
Philippines,1994,1.4773121
Philippines,1997,1.7493346
Philippines,2000,1.8882887
Philippines,2003,1.9412587
Philippines,2006,1.8794912
Philippines,2009,2.0834208
Philippines,2012,2.0122108
Philippines,2015,2.267686
Philippines,2018,2.5613992
Philippines,2021,2.4071248
Poland,1985,7.1506634
Poland,1986,6.543664
Poland,1987,7.2388186
Poland,1989,9.870967
Poland,1992,7.4144154
Poland,1995,4.7700224
Poland,1999,6.3217263
Poland,2004,5.2242994
Poland,2005,6.239368
Poland,2006,7.077741
Poland,2007,8.299192
Poland,2008,9.079507
Poland,2009,9.207793
Poland,2010,9.54486
Poland,2011,9.455429
Poland,2012,9.339041
Poland,2013,9.549165
Poland,2014,9.910741
Poland,2015,10.849018
Poland,2016,12.463029
Poland,2017,13.384419
Poland,2018,14.164909
Poland,2019,16.062407
Poland,2020,16.586483
Poland,2021,17.792843
Portugal,2003,9.835882
Portugal,2004,10.227128
Portugal,2005,10.827555
Portugal,2006,10.871447
Portugal,2007,11.500394
Portugal,2008,11.433459
Portugal,2009,12.077383
Portugal,2010,11.470655
Portugal,2011,10.889278
Portugal,2012,9.494677
Portugal,2013,9.237644
Portugal,2014,9.56664
Portugal,2015,10.56004
Portugal,2016,11.127134
Portugal,2017,12.279906
Portugal,2018,12.877761
Portugal,2019,13.900171
Portugal,2020,13.120434
Portugal,2021,14.429992
Qatar,2017,29.461739
Romania,1989,8.583017
Romania,1992,5.255203
Romania,1994,2.14769
Romania,1995,3.7914608
Romania,1997,3.5780833
Romania,2006,2.4990604
Romania,2007,3.0506432
Romania,2008,3.5419216
Romania,2009,3.6669686
Romania,2010,3.4079971
Romania,2011,3.1792624
Romania,2012,3.0281403
Romania,2013,2.816756
Romania,2014,2.821857
Romania,2015,3.1874878
Romania,2016,4.0250335
Romania,2017,4.781155
Romania,2018,5.6865478
Romania,2019,6.3322906
Romania,2020,6.8837934
Romania,2021,8.942017
Russia,1993,3.1803024
Russia,1996,3.0757644
Russia,1997,4.105665
Russia,1998,3.6309035
Russia,1999,2.9305618
Russia,2000,3.297606
Russia,2001,3.828393
Russia,2002,4.234177
Russia,2003,4.2574143
Russia,2004,4.535538
Russia,2005,4.850427
Russia,2006,5.3356614
Russia,2007,6.069002
Russia,2008,6.983019
Russia,2009,7.093416
Russia,2010,7.689176
Russia,2011,7.980176
Russia,2012,8.297748
Russia,2013,8.514821
Russia,2014,8.611853
Russia,2015,8.328609
Russia,2016,8.19517
Russia,2017,8.225078
Russia,2018,8.431877
Russia,2019,8.716043
Russia,2020,8.786145
Rwanda,2000,0.5692203
Rwanda,2005,0.64554095
Rwanda,2010,0.8505065
Rwanda,2013,0.95933545
Rwanda,2016,0.95787513
Rwanda (rural),1984,1.1358869
Saint Lucia,1995,0.96235806
Saint Lucia,2015,3.2822306
Samoa,2002,3.2461798
Samoa,2008,3.5057003
Samoa,2013,3.5292954
Sao Tome and Principe,2000,1.6973739
Sao Tome and Principe,2010,1.6515671
Sao Tome and Principe,2017,1.8512988
Senegal,1991,0.3948882
Senegal,1994,0.8337038
Senegal,2001,0.99157804
Senegal,2005,1.0905424
Senegal,2011,1.085718
Senegal,2018,2.1955729
Senegal,2021,2.151998
Serbia,2012,3.6333337
Serbia,2013,3.2351015
Serbia,2014,3.1590457
Serbia,2015,3.2148893
Serbia,2016,3.4147058
Serbia,2017,3.836234
Serbia,2018,4.972656
Serbia,2019,6.218971
Serbia,2020,6.807061
Serbia,2021,7.8257318
Seychelles,1999,6.0870414
Seychelles,2006,5.3653665
Seychelles,2013,6.962449
Seychelles,2018,8.288154
Sierra Leone,2003,0.848074
Sierra Leone,2011,1.3250071
Sierra Leone,2018,1.593574
Slovakia,1992,9.1556
Slovakia,1996,7.5146627
Slovakia,2004,7.317093
Slovakia,2005,8.640509
Slovakia,2006,10.142516
Slovakia,2007,10.606435
Slovakia,2008,10.765263
Slovakia,2009,10.731168
Slovakia,2010,10.917023
Slovakia,2011,11.37414
Slovakia,2012,10.489794
Slovakia,2013,10.425084
Slovakia,2014,10.184565
Slovakia,2015,10.485514
Slovakia,2016,11.432254
Slovakia,2017,12.215004
Slovakia,2018,12.255463
Slovakia,2019,13.179551
Slovakia,2020,11.882712
Slovakia,2021,11.99961
Slovenia,1987,20.491854
Slovenia,1993,10.987161
Slovenia,1997,13.842372
Slovenia,1999,14.144917
Slovenia,2004,17.398014
Slovenia,2005,18.103966
Slovenia,2006,18.618267
Slovenia,2007,19.73432
Slovenia,2008,21.01077
Slovenia,2009,20.286592
Slovenia,2010,19.781113
Slovenia,2011,19.791134
Slovenia,2012,18.31
Slovenia,2013,17.781101
Slovenia,2014,18.668903
Slovenia,2015,18.778404
Slovenia,2016,19.849953
Slovenia,2017,20.71087
Slovenia,2018,22.664486
Slovenia,2019,23.161383
Slovenia,2020,24.294416
Slovenia,2021,25.560953
Solomon Islands,2005,0.8497155
Solomon Islands,2012,1.4652913
South Africa,1993,1.0945851
South Africa,2000,0.9723588
South Africa,2005,1.272358
South Africa,2008,1.6246524
South Africa,2010,1.6046426
South Africa,2014,1.4691422
South Asia (PIP),1990,1.18
South Asia (PIP),1991,1.22
South Asia (PIP),1992,1.25
South Asia (PIP),1993,1.27
South Asia (PIP),1994,1.3
South Asia (PIP),1995,1.3
South Asia (PIP),1996,1.33
South Asia (PIP),1997,1.34
South Asia (PIP),1998,1.34
South Asia (PIP),1999,1.36
South Asia (PIP),2000,1.37
South Asia (PIP),2001,1.37
South Asia (PIP),2002,1.38
South Asia (PIP),2003,1.4
South Asia (PIP),2004,1.43
South Asia (PIP),2005,1.45
South Asia (PIP),2006,1.48
South Asia (PIP),2007,1.51
South Asia (PIP),2008,1.53
South Asia (PIP),2009,1.55
South Asia (PIP),2010,1.64
South Asia (PIP),2011,1.73
South Asia (PIP),2012,1.78
South Asia (PIP),2013,1.81
South Asia (PIP),2014,1.84
South Asia (PIP),2015,1.88
South Asia (PIP),2016,1.9
South Asia (PIP),2017,2.04
South Asia (PIP),2018,2.14
South Asia (PIP),2019,2.12
South Asia (PIP),2020,1.99
South Asia (PIP),2021,2.06
South Asia (PIP),2022,2.18
South Asia (PIP),2023,2.24
South Asia (PIP),2024,2.32
South Korea,2006,13.830661
South Korea,2008,13.907382
South Korea,2010,14.518516
South Korea,2012,15.266704
South Korea,2014,16.275879
South Korea,2016,16.764587
South Korea,2017,17.590958
South Korea,2018,19.070675
South Korea,2019,20.419746
South Korea,2020,22.058567
South Korea,2021,22.59569
South Sudan,2009,0.8673939
South Sudan,2016,0.53230906
Spain,1980,7.7089458
Spain,1985,7.5739555
Spain,1990,10.876715
Spain,1993,10.444427
Spain,1994,10.592521
Spain,1995,10.423569
Spain,1996,9.647034
Spain,1997,10.784188
Spain,1998,11.342581
Spain,1999,13.202316
Spain,2000,13.796567
Spain,2003,14.937694
Spain,2004,14.578081
Spain,2005,15.1496935
Spain,2006,14.6549
Spain,2007,17.454433
Spain,2008,17.363104
Spain,2009,16.77987
Spain,2010,15.896104
Spain,2011,14.455134
Spain,2012,14.010768
Spain,2013,12.47238
Spain,2014,12.360536
Spain,2015,13.058171
Spain,2016,13.474683
Spain,2017,15.151029
Spain,2018,15.066621
Spain,2019,15.542164
Spain,2020,15.330476
Spain,2021,16.536488
Sri Lanka,1985,1.8192105
Sri Lanka,1990,2.068139
Sri Lanka,1995,2.0488508
Sri Lanka,2002,2.0878508
Sri Lanka,2006,2.4924505
Sri Lanka,2009,2.7896554
Sri Lanka,2012,2.940513
Sri Lanka,2016,3.3171413
Sri Lanka,2019,3.5099654
Sub-Saharan Africa (PIP),1990,0.67
Sub-Saharan Africa (PIP),1991,0.64
Sub-Saharan Africa (PIP),1992,0.63
Sub-Saharan Africa (PIP),1993,0.62
Sub-Saharan Africa (PIP),1994,0.61
Sub-Saharan Africa (PIP),1995,0.62
Sub-Saharan Africa (PIP),1996,0.63
Sub-Saharan Africa (PIP),1997,0.63
Sub-Saharan Africa (PIP),1998,0.64
Sub-Saharan Africa (PIP),1999,0.65
Sub-Saharan Africa (PIP),2000,0.65
Sub-Saharan Africa (PIP),2001,0.66
Sub-Saharan Africa (PIP),2002,0.69
Sub-Saharan Africa (PIP),2003,0.71
Sub-Saharan Africa (PIP),2004,0.74
Sub-Saharan Africa (PIP),2005,0.77
Sub-Saharan Africa (PIP),2006,0.81
Sub-Saharan Africa (PIP),2007,0.85
Sub-Saharan Africa (PIP),2008,0.9
Sub-Saharan Africa (PIP),2009,0.9
Sub-Saharan Africa (PIP),2010,0.95
Sub-Saharan Africa (PIP),2011,0.98
Sub-Saharan Africa (PIP),2012,1.01
Sub-Saharan Africa (PIP),2013,1.03
Sub-Saharan Africa (PIP),2014,1.04
Sub-Saharan Africa (PIP),2015,1.03
Sub-Saharan Africa (PIP),2016,1.03
Sub-Saharan Africa (PIP),2017,1.03
Sub-Saharan Africa (PIP),2018,1.03
Sub-Saharan Africa (PIP),2019,1.03
Sub-Saharan Africa (PIP),2020,0.99
Sub-Saharan Africa (PIP),2021,1.01
Sub-Saharan Africa (PIP),2022,1.02
Sub-Saharan Africa (PIP),2023,1.03
Sub-Saharan Africa (PIP),2024,1.04
Sudan,2009,1.6687514
Sudan,2014,1.8483431
Suriname,2022,5.2075205
Suriname (urban),1999,0.25
Sweden,1975,14.827335
Sweden,1981,15.532904
Sweden,1987,17.300705
Sweden,1992,19.485212
Sweden,1995,17.976982
Sweden,2000,20.66702
Sweden,2001,21.576612
Sweden,2002,21.760334
Sweden,2003,20.159906
Sweden,2004,20.635942
Sweden,2005,20.009943
Sweden,2006,21.732393
Sweden,2007,22.44607
Sweden,2008,22.237385
Sweden,2009,22.269592
Sweden,2010,22.86631
Sweden,2011,22.54249
Sweden,2012,22.948631
Sweden,2013,22.72101
Sweden,2014,24.075583
Sweden,2015,24.351574
Sweden,2016,24.095617
Sweden,2017,24.36622
Sweden,2018,23.566322
Sweden,2019,24.910816
Sweden,2020,25.80746
Sweden,2021,24.716623
Switzerland,1982,29.409294
Switzerland,1992,28.386938
Switzerland,2000,28.321941
Switzerland,2002,29.952444
Switzerland,2004,29.512177
Switzerland,2006,28.625223
Switzerland,2007,28.788525
Switzerland,2008,29.468988
Switzerland,2009,30.4847
Switzerland,2010,30.361172
Switzerland,2011,31.242746
Switzerland,2012,32.628998
Switzerland,2013,31.824148
Switzerland,2014,31.560953
Switzerland,2015,31.45104
Switzerland,2016,31.551445
Switzerland,2017,31.978247
Switzerland,2018,31.013998
Switzerland,2019,31.085182
Switzerland,2020,32.32004
Syria,1996,3.0056067
Syria,2003,3.4864388
Syria,2006,2.9905849
Syria,2009,3.0263016
Syria,2022,1.5837464
Taiwan,1981,7.5521407
Taiwan,1986,10.242248
Taiwan,1991,16.874657
Taiwan,1995,18.549791
Taiwan,1997,19.955307
Taiwan,2000,21.057293
Taiwan,2005,20.488064
Taiwan,2007,19.28254
Taiwan,2010,16.898893
Taiwan,2013,17.897293
Taiwan,2016,19.855865
Taiwan,2017,20.43378
Taiwan,2018,20.49878
Taiwan,2019,21.175259
Taiwan,2020,22.424763
Taiwan,2021,22.283592
Tajikistan,1999,0.93199015
Tajikistan,2003,1.2889125
Tajikistan,2004,1.6766826
Tajikistan,2007,1.9364253
Tajikistan,2009,2.441899
Tajikistan,2015,2.549154
Tanzania,1991,0.72271055
Tanzania,2000,0.4898234
Tanzania,2007,0.8780107
Tanzania,2011,1.1880862
Tanzania,2018,1.1733012
Thailand,1981,1.5290933
Thailand,1988,1.8045151
Thailand,1990,2.0143871
Thailand,1992,2.2219503
Thailand,1994,2.6588
Thailand,1996,2.9167283
Thailand,1998,2.9871056
Thailand,1999,2.7052107
Thailand,2000,2.7221515
Thailand,2002,3.1470392
Thailand,2004,3.4516287
Thailand,2006,3.80969
Thailand,2007,4.0602384
Thailand,2008,4.2397146
Thailand,2009,4.4920397
Thailand,2010,4.685464
Thailand,2011,5.1887813
Thailand,2012,5.170804
Thailand,2013,5.470211
Thailand,2014,5.6131725
Thailand,2015,6.178736
Thailand,2016,5.972853
Thailand,2017,6.086765
Thailand,2018,5.9345527
Thailand,2019,6.341843
Thailand,2020,6.3501816
Thailand,2021,6.468576
Togo,2006,0.7958881
Togo,2011,0.6578555
Togo,2015,0.6925711
Togo,2018,1.3633877
Togo,2021,1.4634322
Tonga,2000,3.819736
Tonga,2009,3.6947956
Tonga,2015,3.281082
Tonga,2021,5.543047
Trinidad and Tobago,1988,4.60805
Trinidad and Tobago,1992,3.6627457
Tunisia,1985,1.9401215
Tunisia,1990,2.2130144
Tunisia,1995,2.1699684
Tunisia,2000,2.7098954
Tunisia,2005,3.329118
Tunisia,2010,4.0602107
Tunisia,2015,5.5943284
Tunisia,2021,5.8010173
Turkey,1987,3.1675732
Turkey,1994,3.0548797
Turkey,2002,3.3828733
Turkey,2003,3.0595
Turkey,2004,3.6800363
Turkey,2005,3.730409
Turkey,2006,4.0652704
Turkey,2007,4.3808026
Turkey,2008,4.841437
Turkey,2009,5.006387
Turkey,2010,5.092419
Turkey,2011,5.4944477
Turkey,2012,5.7179203
Turkey,2013,6.005557
Turkey,2014,6.2462234
Turkey,2015,6.0285316
Turkey,2016,6.417167
Turkey,2017,6.777372
Turkey,2018,6.9577827
Turkey,2019,6.808661
Turkey,2020,6.8903136
Turkey,2021,7.6612687
Turkmenistan,1998,1.0467379
Tuvalu,2010,2.8347502
Uganda,1989,0.6327157
Uganda,1992,0.74525964
Uganda,1996,0.8162125
Uganda,1999,0.6988624
Uganda,2002,0.7599693
Uganda,2005,0.8586068
Uganda,2009,1.0547152
Uganda,2012,1.2108256
Uganda,2016,1.1229237
Uganda,2019,1.1161057
Ukraine,1992,2.9897747
Ukraine,1993,3.3278275
Ukraine,1995,2.3491294
Ukraine,1996,2.3715248
Ukraine,2002,3.1478384
Ukraine,2003,3.5905292
Ukraine,2004,3.9060056
Ukraine,2005,4.6279473
Ukraine,2006,4.969456
Ukraine,2007,5.1021886
Ukraine,2008,5.9796634
Ukraine,2009,5.7017937
Ukraine,2010,6.23572
Ukraine,2011,6.5092673
Ukraine,2012,6.729205
Ukraine,2013,7.1722136
Ukraine,2014,7.026285
Ukraine,2015,6.1044326
Ukraine,2016,6.257908
Ukraine,2017,6.683754
Ukraine,2018,6.999716
Ukraine,2019,7.5533957
Ukraine,2020,7.422507
United Arab Emirates,2013,22.637207
United Arab Emirates,2018,34.624123
United Kingdom,1968,10.561107
United Kingdom,1969,10.251066
United Kingdom,1970,10.681562
United Kingdom,1971,10.15781
United Kingdom,1972,10.330581
United Kingdom,1973,11.759214
United Kingdom,1974,11.385606
United Kingdom,1975,11.340264
United Kingdom,1976,11.032188
United Kingdom,1977,10.9331875
United Kingdom,1978,11.540011
United Kingdom,1979,11.831206
United Kingdom,1980,11.757088
United Kingdom,1981,11.072885
United Kingdom,1982,12.137624
United Kingdom,1983,11.653364
United Kingdom,1984,12.012152
United Kingdom,1985,12.136024
United Kingdom,1986,12.437948
United Kingdom,1987,12.549504
United Kingdom,1988,13.48284
United Kingdom,1989,13.556278
United Kingdom,1990,13.353021
United Kingdom,1991,13.532684
United Kingdom,1992,12.644679
United Kingdom,1993,12.739533
United Kingdom,1994,13.945754
United Kingdom,1995,14.231635
United Kingdom,1996,14.655733
United Kingdom,1997,15.109788
United Kingdom,1998,15.684673
United Kingdom,1999,15.871426
United Kingdom,2000,17.141212
United Kingdom,2001,17.914001
United Kingdom,2002,18.187965
United Kingdom,2003,18.711443
United Kingdom,2004,19.481249
United Kingdom,2005,19.332378
United Kingdom,2006,19.569141
United Kingdom,2007,19.884676
United Kingdom,2008,19.790384
United Kingdom,2009,20.109694
United Kingdom,2010,20.610575
United Kingdom,2011,20.23045
United Kingdom,2012,20.327917
United Kingdom,2013,20.614943
United Kingdom,2014,20.714493
United Kingdom,2015,20.878479
United Kingdom,2016,20.957422
United Kingdom,2017,20.843472
United Kingdom,2018,20.962328
United Kingdom,2019,21.27798
United Kingdom,2020,22.094358
United Kingdom,2021,21.97058
United States,1963,10.614127
United States,1964,11.396183
United States,1965,12.0040245
United States,1966,11.583068
United States,1967,13.3257265
United States,1968,14.20127
United States,1969,14.763229
United States,1970,14.2791195
United States,1971,14.58766
United States,1972,15.2096815
United States,1973,15.671455
United States,1974,15.786838
United States,1975,15.675351
United States,1976,16.226788
United States,1977,16.634783
United States,1978,16.91952
United States,1979,17.649
United States,1980,16.799786
United States,1981,16.125416
United States,1982,15.211073
United States,1983,14.919629
United States,1984,15.526458
United States,1985,15.989543
United States,1986,16.163368
United States,1987,16.918104
United States,1988,17.324467
United States,1989,17.286465
United States,1990,16.971624
United States,1991,16.943998
United States,1992,16.535872
United States,1993,16.106653
United States,1994,17.044
United States,1995,17.849726
United States,1996,17.768908
United States,1997,18.573307
United States,1998,18.915094
United States,1999,19.498924
United States,2000,20.048845
United States,2001,19.6724
United States,2002,19.331448
United States,2003,19.220592
United States,2004,19.618868
United States,2005,20.009352
United States,2006,19.84532
United States,2007,19.70475
United States,2008,19.21833
United States,2009,20.38654
United States,2010,19.656054
United States,2011,19.623112
United States,2012,19.663984
United States,2013,19.979382
United States,2014,19.778307
United States,2015,20.758379
United States,2016,21.428648
United States,2017,21.403734
United States,2018,22.465363
United States,2019,23.742329
United States,2020,26.52233
United States,2021,28.184568
United States,2022,22.932451
Uruguay,2006,4.764529
Uruguay,2007,5.0588317
Uruguay,2008,5.8373003
Uruguay,2009,5.996282
Uruguay,2010,6.3303633
Uruguay,2011,7.296576
Uruguay,2012,7.646619
Uruguay,2013,7.8275447
Uruguay,2014,8.293595
Uruguay,2015,8.427494
Uruguay,2016,8.506525
Uruguay,2017,9.070363
Uruguay,2018,8.849059
Uruguay,2019,8.640966
Uruguay,2020,7.7834115
Uruguay,2021,7.9617605
Uruguay,2022,8.094083
Uruguay (urban),1981,5.112852
Uruguay (urban),1989,5.9547887
Uruguay (urban),1992,6.493083
Uruguay (urban),1995,6.579907
Uruguay (urban),1996,6.407285
Uruguay (urban),1997,6.349288
Uruguay (urban),1998,6.348673
Uruguay (urban),2000,6.1171207
Uruguay (urban),2001,5.8237586
Uruguay (urban),2002,5.159541
Uruguay (urban),2003,4.611075
Uruguay (urban),2004,4.294216
Uruguay (urban),2005,4.502934
Uzbekistan,1998,0.540995
Uzbekistan,2000,0.5984211
Uzbekistan,2002,0.7185011
Uzbekistan,2003,0.62239134
Uzbekistan,2022,5.220322
Vanuatu,2010,1.8575467
Vanuatu,2019,2.1503327
Venezuela,1981,2.5489907
Venezuela,1987,2.4641447
Venezuela,1989,3.1865191
Venezuela,1992,3.3919215
Venezuela,1995,2.157953
Venezuela,1998,2.10746
Venezuela,1999,1.9251721
Venezuela,2001,2.1192582
Venezuela,2002,1.459352
Venezuela,2003,1.2505498
Venezuela,2004,1.432575
Venezuela,2005,1.3500963
Venezuela,2006,2.7593973
Vietnam,1992,1.2249863
Vietnam,1997,1.6341429
Vietnam,2002,1.4917238
Vietnam,2004,1.6814088
Vietnam,2006,1.8716496
Vietnam,2008,2.0718417
Vietnam,2010,3.2231448
Vietnam,2012,3.6266868
Vietnam,2014,3.830066
Vietnam,2016,4.3774385
Vietnam,2018,4.7185063
Vietnam,2020,5.1268063
Vietnam,2022,5.068902
Western and Central Africa (PIP),1990,0.61
Western and Central Africa (PIP),1991,0.59
Western and Central Africa (PIP),1992,0.58
Western and Central Africa (PIP),1993,0.6
Western and Central Africa (PIP),1994,0.59
Western and Central Africa (PIP),1995,0.6
Western and Central Africa (PIP),1996,0.61
Western and Central Africa (PIP),1997,0.63
Western and Central Africa (PIP),1998,0.66
Western and Central Africa (PIP),1999,0.68
Western and Central Africa (PIP),2000,0.7
Western and Central Africa (PIP),2001,0.74
Western and Central Africa (PIP),2002,0.79
Western and Central Africa (PIP),2003,0.83
Western and Central Africa (PIP),2004,0.87
Western and Central Africa (PIP),2005,0.91
Western and Central Africa (PIP),2006,0.95
Western and Central Africa (PIP),2007,0.98
Western and Central Africa (PIP),2008,1.04
Western and Central Africa (PIP),2009,1.06
Western and Central Africa (PIP),2010,1.13
Western and Central Africa (PIP),2011,1.16
Western and Central Africa (PIP),2012,1.2
Western and Central Africa (PIP),2013,1.22
Western and Central Africa (PIP),2014,1.26
Western and Central Africa (PIP),2015,1.26
Western and Central Africa (PIP),2016,1.29
Western and Central Africa (PIP),2017,1.33
Western and Central Africa (PIP),2018,1.37
Western and Central Africa (PIP),2019,1.4
Western and Central Africa (PIP),2020,1.37
Western and Central Africa (PIP),2021,1.39
Western and Central Africa (PIP),2022,1.41
Western and Central Africa (PIP),2023,1.41
Western and Central Africa (PIP),2024,1.42
World,1990,1.06
World,1991,1.07
World,1992,1.09
World,1993,1.11
World,1994,1.16
World,1995,1.2
World,1996,1.23
World,1997,1.23
World,1998,1.21
World,1999,1.25
World,2000,1.27
World,2001,1.3
World,2002,1.34
World,2003,1.39
World,2004,1.47
World,2005,1.54
World,2006,1.57
World,2007,1.62
World,2008,1.65
World,2009,1.69
World,2010,1.77
World,2011,1.87
World,2012,1.93
World,2013,2.04
World,2014,2.06
World,2015,2.1
World,2016,2.14
World,2017,2.22
World,2018,2.3
World,2019,2.28
World,2020,2.18
World,2021,2.22
World,2022,2.28
World,2023,2.3
World,2024,2.34
World (excluding China),1990,
World (excluding China),1991,
World (excluding China),1992,
World (excluding China),1993,
World (excluding China),1994,
World (excluding China),1995,
World (excluding China),1996,
World (excluding China),1997,
World (excluding China),1998,
World (excluding China),1999,
World (excluding China),2000,
World (excluding China),2001,
World (excluding China),2002,
World (excluding China),2003,
World (excluding China),2004,
World (excluding China),2005,
World (excluding China),2006,
World (excluding China),2007,
World (excluding China),2008,
World (excluding China),2009,
World (excluding China),2010,
World (excluding China),2011,
World (excluding China),2012,
World (excluding China),2013,
World (excluding China),2014,
World (excluding China),2015,
World (excluding China),2016,
World (excluding China),2017,
World (excluding China),2018,
World (excluding China),2019,
World (excluding China),2020,
World (excluding China),2021,
World (excluding China),2022,
World (excluding China),2023,
World (excluding China),2024,
World (excluding India),1990,
World (excluding India),1991,
World (excluding India),1992,
World (excluding India),1993,
World (excluding India),1994,
World (excluding India),1995,
World (excluding India),1996,
World (excluding India),1997,
World (excluding India),1998,
World (excluding India),1999,
World (excluding India),2000,
World (excluding India),2001,
World (excluding India),2002,
World (excluding India),2003,
World (excluding India),2004,
World (excluding India),2005,
World (excluding India),2006,
World (excluding India),2007,
World (excluding India),2008,
World (excluding India),2009,
World (excluding India),2010,
World (excluding India),2011,
World (excluding India),2012,
World (excluding India),2013,
World (excluding India),2014,
World (excluding India),2015,
World (excluding India),2016,
World (excluding India),2017,
World (excluding India),2018,
World (excluding India),2019,
World (excluding India),2020,
World (excluding India),2021,
World (excluding India),2022,
World (excluding India),2023,
World (excluding India),2024,
Yemen,1998,2.2956402
Yemen,2005,2.1121907
Yemen,2014,1.6843084
Zambia,1991,0.25
Zambia,1993,0.42260233
Zambia,1996,0.8412573
Zambia,1998,0.8165252
Zambia,2002,0.8647657
Zambia,2004,0.52715117
Zambia,2006,0.49277553
Zambia,2010,0.5595078
Zambia,2015,0.48188463
Zambia,2022,0.49771932
Zimbabwe,2011,1.5879284
Zimbabwe,2017,1.344131
Zimbabwe,2019,1.1027011