Country,Year,Threshold income or consumption per day marking the richest decile
Albania,1996,13.164797
Albania,2002,13.990763
Albania,2005,15.433521
Albania,2008,16.435902
Albania,2012,16.009024
Albania,2014,19.057009
Albania,2015,22.41005
Albania,2016,23.151937
Albania,2017,22.721241
Albania,2018,23.323376
Albania,2019,23.889235
Albania,2020,24.124557
Algeria,1988,12.611843
Algeria,1995,13.118017
Algeria,2011,15.061094
Angola,2000,14.514491
Angola,2008,12.5816555
Angola,2018,10.726535
Argentina (urban),1980,63.531464
Argentina (urban),1986,69.72409
Argentina (urban),1987,63.922794
Argentina (urban),1991,43.74522
Argentina (urban),1992,47.278847
Argentina (urban),1993,46.741997
Argentina (urban),1994,45.82567
Argentina (urban),1995,46.721615
Argentina (urban),1996,44.761135
Argentina (urban),1997,48.215958
Argentina (urban),1998,45.85428
Argentina (urban),1999,44.251225
Argentina (urban),2000,43.739876
Argentina (urban),2001,41.605267
Argentina (urban),2002,28.039747
Argentina (urban),2003,38.849552
Argentina (urban),2004,42.349556
Argentina (urban),2005,45.39388
Argentina (urban),2006,49.43101
Argentina (urban),2007,51.40381
Argentina (urban),2008,52.035183
Argentina (urban),2009,53.493103
Argentina (urban),2010,54.97873
Argentina (urban),2011,58.458855
Argentina (urban),2012,56.905087
Argentina (urban),2013,57.069847
Argentina (urban),2014,53.820724
Argentina (urban),2016,55.52368
Argentina (urban),2017,57.696587
Argentina (urban),2018,51.997528
Argentina (urban),2019,51.33967
Argentina (urban),2020,45.52939
Argentina (urban),2021,47.595097
Argentina (urban),2022,45.62804
Armenia,1999,8.69725
Armenia,2001,8.639384
Armenia,2002,8.803447
Armenia,2003,8.376516
Armenia,2004,10.914464
Armenia,2005,11.7621155
Armenia,2006,11.213289
Armenia,2007,13.112041
Armenia,2008,13.02389
Armenia,2009,11.643596
Armenia,2010,11.755978
Armenia,2011,11.974553
Armenia,2012,12.25316
Armenia,2013,13.110034
Armenia,2014,13.162641
Armenia,2015,13.632317
Armenia,2016,15.070867
Armenia,2017,14.077566
Armenia,2018,14.009303
Armenia,2019,12.6044
Armenia,2020,11.749026
Armenia,2021,12.5494
Armenia,2022,12.352581
Australia,1981,68.55632
Australia,1985,71.90577
Australia,1989,73.853874
Australia,1995,67.49578
Australia,2001,77.76851
Australia,2003,80.14958
Australia,2004,86.108444
Australia,2008,106.64971
Australia,2010,107.398926
Australia,2014,113.77737
Australia,2016,111.1576
Australia,2018,112.45976
Austria,1994,89.82067
Austria,1995,86.82569
Austria,1996,82.80401
Austria,1997,83.648056
Austria,1998,87.14358
Austria,1999,88.758766
Austria,2000,86.07941
Austria,2003,91.07211
Austria,2004,96.361664
Austria,2005,91.25365
Austria,2006,93.574554
Austria,2007,100.82802
Austria,2008,99.71167
Austria,2009,103.99897
Austria,2010,105.183205
Austria,2011,104.45641
Austria,2012,101.563354
Austria,2013,104.91894
Austria,2014,102.615166
Austria,2015,102.07771
Austria,2016,107.73762
Austria,2017,106.45963
Austria,2018,108.38188
Austria,2019,111.39988
Austria,2020,110.58892
Austria,2021,109.55219
Azerbaijan,1995,9.202275
Azerbaijan,2001,11.445105
Azerbaijan,2002,12.587261
Azerbaijan,2003,13.265846
Azerbaijan,2004,13.477794
Azerbaijan,2005,15.25791
Bangladesh,1983,4.3220577
Bangladesh,1985,4.772651
Bangladesh,1988,4.4712167
Bangladesh,1991,4.3469033
Bangladesh,1995,5.5767903
Bangladesh,2000,5.9975414
Bangladesh,2005,6.596807
Bangladesh,2010,7.033071
Bangladesh,2016,7.6141963
Bangladesh,2022,10.261564
Belarus,1998,6.840415
Belarus,1999,7.273071
Belarus,2000,7.942247
Belarus,2001,9.704347
Belarus,2002,10.69141
Belarus,2003,10.979629
Belarus,2004,11.915812
Belarus,2005,14.760884
Belarus,2006,17.266836
Belarus,2007,20.201496
Belarus,2008,20.12305
Belarus,2009,20.491518
Belarus,2010,23.601889
Belarus,2011,23.57303
Belarus,2012,25.998653
Belarus,2013,28.67201
Belarus,2014,30.06742
Belarus,2015,27.117321
Belarus,2016,25.673986
Belarus,2017,26.762363
Belarus,2018,28.714571
Belarus,2019,30.146832
Belarus,2020,29.772608
Belgium,1985,54.405968
Belgium,1988,56.861996
Belgium,1992,60.94126
Belgium,1995,74.54057
Belgium,1997,74.614555
Belgium,2000,80.93215
Belgium,2003,80.55734
Belgium,2004,82.02248
Belgium,2005,83.922455
Belgium,2006,84.34349
Belgium,2007,86.32532
Belgium,2008,86.99912
Belgium,2009,87.75849
Belgium,2010,87.219475
Belgium,2011,85.90087
Belgium,2012,87.748726
Belgium,2013,87.92666
Belgium,2014,88.39358
Belgium,2015,89.72519
Belgium,2016,88.60509
Belgium,2017,89.483215
Belgium,2018,90.039635
Belgium,2019,93.1407
Belgium,2020,91.95496
Belgium,2021,95.44205
Belize,1993,18.139769
Belize,1994,16.712675
Belize,1996,15.572248
Belize,1997,15.39535
Belize,1998,16.065027
Belize,1999,14.9000225
Benin,2003,5.049041
Benin,2011,6.0747776
Benin,2015,5.7080665
Benin,2018,8.572784
Benin,2021,8.917139
Bhutan,2003,11.332927
Bhutan,2007,13.5446825
Bhutan,2012,18.125038
Bhutan,2017,20.927841
Bhutan,2022,26.217503
Bolivia,1997,28.4199
Bolivia,1999,27.239546
Bolivia,2000,23.61647
Bolivia,2001,24.058714
Bolivia,2002,23.572994
Bolivia,2004,26.94247
Bolivia,2005,30.434278
Bolivia,2006,32.324715
Bolivia,2007,31.86579
Bolivia,2008,32.555077
Bolivia,2009,33.283947
Bolivia,2011,37.303154
Bolivia,2012,38.562115
Bolivia,2013,42.00721
Bolivia,2014,40.963123
Bolivia,2015,39.368202
Bolivia,2016,38.356403
Bolivia,2017,39.089935
Bolivia,2018,37.44213
Bolivia,2019,38.460224
Bolivia,2020,39.211758
Bolivia,2021,38.34417
Bolivia (urban),1990,22.088057
Bolivia (urban),1992,18.324963
Bosnia and Herzegovina,2001,21.042618
Bosnia and Herzegovina,2004,37.086773
Bosnia and Herzegovina,2007,40.032917
Bosnia and Herzegovina,2011,37.906826
Botswana,1985,9.406811
Botswana,1993,11.579762
Botswana,2002,21.84209
Botswana,2009,22.334177
Botswana,2015,19.180342
Brazil,1981,18.15453
Brazil,1982,18.86991
Brazil,1983,16.145912
Brazil,1984,15.711492
Brazil,1985,17.381662
Brazil,1986,29.407484
Brazil,1987,23.095352
Brazil,1988,23.146252
Brazil,1989,26.601072
Brazil,1990,21.269596
Brazil,1992,16.921484
Brazil,1993,20.416601
Brazil,1995,28.411394
Brazil,1996,27.933817
Brazil,1997,27.80175
Brazil,1998,28.480412
Brazil,1999,26.804379
Brazil,2001,30.08306
Brazil,2002,30.292965
Brazil,2003,28.848904
Brazil,2004,28.717209
Brazil,2005,29.592299
Brazil,2006,31.780924
Brazil,2007,32.627674
Brazil,2008,34.305042
Brazil,2009,35.1018
Brazil,2011,36.97607
Brazil,2012,39.40723
Brazil,2013,41.67324
Brazil,2014,42.52251
Brazil,2015,41.369083
Brazil,2016,41.66161
Brazil,2017,41.245007
Brazil,2018,42.83907
Brazil,2019,42.536877
Brazil,2020,40.528976
Brazil,2021,39.217445
Brazil,2022,43.253197
Bulgaria,1992,35.996826
Bulgaria,2006,19.366758
Bulgaria,2007,28.379164
Bulgaria,2008,31.276928
Bulgaria,2009,31.810268
Bulgaria,2010,30.981049
Bulgaria,2011,27.7348
Bulgaria,2012,29.549364
Bulgaria,2013,33.83207
Bulgaria,2014,35.883907
Bulgaria,2015,35.282005
Bulgaria,2016,40.072124
Bulgaria,2017,39.61672
Bulgaria,2018,46.3105
Bulgaria,2019,49.17707
Bulgaria,2020,54.26987
Bulgaria,2021,56.922733
Burkina Faso,1994,3.099502
Burkina Faso,1998,3.4697938
Burkina Faso,2003,5.3593593
Burkina Faso,2009,5.112266
Burkina Faso,2014,5.7517405
Burkina Faso,2018,7.969147
Burkina Faso,2021,7.5222816
Burundi,1992,3.1681619
Burundi,1998,2.935342
Burundi,2006,3.5798903
Burundi,2013,4.225992
Burundi,2020,4.218773
Cameroon,1996,6.554042
Cameroon,2001,8.64246
Cameroon,2007,8.645232
Cameroon,2014,11.778578
Cameroon,2021,10.726825
Canada,1971,61.461594
Canada,1973,66.671936
Canada,1975,73.55803
Canada,1977,77.68722
Canada,1979,80.26636
Canada,1981,83.41879
Canada,1982,82.08065
Canada,1984,81.57405
Canada,1985,82.35769
Canada,1986,81.53358
Canada,1987,83.11896
Canada,1988,84.18901
Canada,1989,85.61693
Canada,1990,85.11221
Canada,1991,83.80373
Canada,1992,84.8808
Canada,1993,81.535484
Canada,1994,83.8146
Canada,1995,83.13522
Canada,1996,79.11821
Canada,1997,79.56455
Canada,1998,82.16282
Canada,1999,85.24202
Canada,2000,86.97256
Canada,2001,91.18291
Canada,2002,92.28654
Canada,2003,92.04576
Canada,2004,94.311035
Canada,2005,96.500305
Canada,2006,99.33614
Canada,2007,103.12543
Canada,2008,105.461685
Canada,2009,106.74844
Canada,2010,105.05863
Canada,2011,105.1221
Canada,2012,108.477974
Canada,2013,111.18835
Canada,2014,109.732285
Canada,2015,112.37195
Canada,2016,109.25816
Canada,2017,114.13771
Canada,2018,113.79764
Canada,2019,111.64995
Cape Verde,2001,14.961819
Cape Verde,2007,16.546732
Cape Verde,2015,19.414373
Central African Republic,1992,3.3539069
Central African Republic,2008,5.710151
Central African Republic,2021,4.3874135
Chad,2003,4.6847906
Chad,2011,7.5122533
Chad,2018,6.9957113
Chad,2022,7.2099185
Chile,1987,21.040228
Chile,1990,24.173405
Chile,1992,24.327469
Chile,1994,28.55764
Chile,1996,30.62329
Chile,1998,33.214085
Chile,2000,27.844643
Chile,2003,26.921848
Chile,2006,31.021372
Chile,2009,33.54354
Chile,2011,36.426064
Chile,2013,43.642464
Chile,2015,45.590733
Chile,2017,48.759125
Chile,2020,52.94474
Chile,2022,54.887653
China,1981,2.043188
China,1984,2.5863466
China,1987,3.2585354
China,1990,3.2777226
China,1993,3.899621
China,1996,5.0926166
China,1999,5.884257
China,2002,7.6654034
China,2005,9.812179
China,2008,12.219661
China,2010,14.374167
China,2011,15.236138
China,2012,16.680552
China,2013,18.530964
China,2014,19.940407
China,2015,21.155197
China,2016,22.603811
China,2017,23.968336
China,2018,25.473873
China,2019,26.714552
China,2020,24.754436
China,2021,27.720087
China (rural),1981,1.5783095
China (rural),1984,2.2369735
China (rural),1987,2.8219142
China (rural),1990,2.553321
China (rural),1993,2.64375
China (rural),1996,3.9039614
China (rural),1999,3.9767718
China (rural),2002,4.6982684
China (rural),2005,5.9969006
China (rural),2008,7.0908637
China (rural),2010,8.005993
China (rural),2011,8.608299
China (rural),2012,9.609676
China (rural),2013,11.247388
China (rural),2014,12.293702
China (rural),2015,13.225246
China (rural),2016,14.023795
China (rural),2017,14.996341
China (rural),2018,16.167013
China (rural),2019,17.056654
China (rural),2020,16.711412
China (rural),2021,19.26326
China (urban),1981,2.7291267
China (urban),1984,3.1111836
China (urban),1987,3.896345
China (urban),1990,4.325433
China (urban),1993,5.528481
China (urban),1996,6.5697975
China (urban),1999,7.8849077
China (urban),2002,10.273157
China (urban),2005,12.888873
China (urban),2008,15.609436
China (urban),2010,18.175007
China (urban),2011,19.126198
China (urban),2012,20.650486
China (urban),2013,22.964312
China (urban),2014,24.383108
China (urban),2015,25.61061
China (urban),2016,27.233515
China (urban),2017,28.629234
China (urban),2018,30.193008
China (urban),2019,31.48664
China (urban),2020,28.622864
China (urban),2021,31.786907
Colombia,1992,21.807941
Colombia,1996,18.339321
Colombia,1999,18.495684
Colombia,2000,19.952578
Colombia,2001,16.631264
Colombia,2002,20.772793
Colombia,2003,20.346172
Colombia,2004,21.330221
Colombia,2005,22.7784
Colombia,2008,25.941364
Colombia,2009,25.705742
Colombia,2010,27.847788
Colombia,2011,28.86422
Colombia,2012,29.251179
Colombia,2013,30.711672
Colombia,2014,31.95524
Colombia,2015,31.104237
Colombia,2016,30.058681
Colombia,2017,29.975416
Colombia,2018,30.609308
Colombia,2019,30.986998
Colombia,2020,27.627718
Colombia,2021,33.36161
Colombia,2022,36.171135
Colombia (urban),1980,19.345623
Colombia (urban),1988,20.889322
Colombia (urban),1989,20.243721
Colombia (urban),1991,21.21149
Comoros,2004,14.942075
Comoros,2014,13.061737
Congo,2005,6.9076324
Congo,2011,8.611193
Costa Rica,1981,12.826341
Costa Rica,1986,11.510997
Costa Rica,1989,19.985838
Costa Rica,1990,20.190952
Costa Rica,1991,19.132975
Costa Rica,1992,19.793655
Costa Rica,1993,23.285942
Costa Rica,1994,26.045584
Costa Rica,1995,24.94112
Costa Rica,1996,24.338654
Costa Rica,1997,25.803413
Costa Rica,1998,28.44031
Costa Rica,1999,28.357195
Costa Rica,2000,27.555395
Costa Rica,2001,39.39222
Costa Rica,2002,39.62929
Costa Rica,2003,39.013233
Costa Rica,2004,35.589275
Costa Rica,2005,37.575935
Costa Rica,2006,38.668396
Costa Rica,2007,42.063507
Costa Rica,2008,42.661263
Costa Rica,2009,47.92428
Costa Rica,2010,49.205288
Costa Rica,2011,50.839745
Costa Rica,2012,52.22875
Costa Rica,2013,54.449455
Costa Rica,2014,53.752514
Costa Rica,2015,53.3667
Costa Rica,2016,54.93396
Costa Rica,2017,56.968422
Costa Rica,2018,54.932068
Costa Rica,2019,54.427773
Costa Rica,2020,47.78331
Costa Rica,2021,53.99323
Costa Rica,2022,51.512714
Costa Rica,2023,54.834053
Cote d'Ivoire,1985,17.067713
Cote d'Ivoire,1986,14.028441
Cote d'Ivoire,1987,12.668216
Cote d'Ivoire,1988,9.804367
Cote d'Ivoire,1992,8.362055
Cote d'Ivoire,1995,8.340097
Cote d'Ivoire,1998,
Cote d'Ivoire,2008,
Cote d'Ivoire,2015,7.507246
Cote d'Ivoire,2018,10.685696
Cote d'Ivoire,2021,10.042197
Croatia,1988,35.539436
Croatia,2009,43.197247
Croatia,2010,39.593315
Croatia,2011,38.452087
Croatia,2012,37.037548
Croatia,2013,35.154957
Croatia,2014,37.19085
Croatia,2015,38.37718
Croatia,2016,41.745266
Croatia,2017,43.12846
Croatia,2018,45.781353
Croatia,2019,47.607452
Croatia,2020,50.9692
Croatia,2021,53.620903
Cyprus,2004,74.22346
Cyprus,2005,79.16045
Cyprus,2006,83.0717
Cyprus,2007,87.785774
Cyprus,2008,88.8423
Cyprus,2009,86.6716
Cyprus,2010,89.10747
Cyprus,2011,88.99493
Cyprus,2012,84.395485
Cyprus,2013,79.38528
Cyprus,2014,76.32662
Cyprus,2015,77.032005
Cyprus,2016,79.3845
Cyprus,2017,81.25054
Cyprus,2018,84.46035
Cyprus,2019,86.60625
Cyprus,2020,88.601326
Cyprus,2021,90.63125
Czechia,1992,26.210476
Czechia,1993,31.02129
Czechia,1996,34.996525
Czechia,2002,39.532043
Czechia,2004,42.32103
Czechia,2005,43.03398
Czechia,2006,45.99477
Czechia,2007,47.70128
Czechia,2008,47.84906
Czechia,2009,49.11104
Czechia,2010,50.48793
Czechia,2011,49.645767
Czechia,2012,49.35442
Czechia,2013,49.462635
Czechia,2014,50.33073
Czechia,2015,52.26616
Czechia,2016,53.782505
Czechia,2017,55.796764
Czechia,2018,59.294308
Czechia,2019,62.467426
Czechia,2020,63.478092
Czechia,2021,67.20109
Democratic Republic of Congo,2004,1.972883
Democratic Republic of Congo,2012,4.0377555
Democratic Republic of Congo,2020,3.309952
Denmark,1987,75.4736
Denmark,1992,72.93924
Denmark,1995,74.46978
Denmark,2000,80.752495
Denmark,2003,79.847984
Denmark,2004,81.65927
Denmark,2005,82.42698
Denmark,2006,84.45704
Denmark,2007,86.0709
Denmark,2008,85.73555
Denmark,2009,88.35784
Denmark,2010,92.19423
Denmark,2011,91.07329
Denmark,2012,91.000824
Denmark,2013,93.52312
Denmark,2014,93.31988
Denmark,2015,92.006775
Denmark,2016,93.602745
Denmark,2017,97.072754
Denmark,2018,99.74274
Denmark,2019,96.19461
Denmark,2020,101.99737
Denmark,2021,103.05438
Djibouti,2002,8.826857
Djibouti,2012,11.097598
Djibouti,2013,10.020358
Djibouti,2017,10.140244
Dominican Republic,1986,26.207146
Dominican Republic,1989,15.248291
Dominican Republic,1992,19.150707
Dominican Republic,1996,23.949865
Dominican Republic,1997,25.00135
Dominican Republic,2000,27.479101
Dominican Republic,2001,27.212769
Dominican Republic,2002,26.024004
Dominican Republic,2003,22.753931
Dominican Republic,2004,19.286896
Dominican Republic,2005,23.955154
Dominican Republic,2006,25.857403
Dominican Republic,2007,23.965736
Dominican Republic,2008,22.673624
Dominican Republic,2009,24.807064
Dominican Republic,2010,25.6036
Dominican Republic,2011,24.57317
Dominican Republic,2012,23.645311
Dominican Republic,2013,25.252256
Dominican Republic,2014,27.58851
Dominican Republic,2015,29.683598
Dominican Republic,2016,31.430696
Dominican Republic,2017,27.686794
Dominican Republic,2018,29.300453
Dominican Republic,2019,30.777113
Dominican Republic,2020,27.863073
Dominican Republic,2021,25.894827
Dominican Republic,2022,26.054932
East Asia and Pacific (PIP),1990,4.1
East Asia and Pacific (PIP),1991,4.26
East Asia and Pacific (PIP),1992,4.48
East Asia and Pacific (PIP),1993,4.74
East Asia and Pacific (PIP),1994,5.15
East Asia and Pacific (PIP),1995,5.55
East Asia and Pacific (PIP),1996,6
East Asia and Pacific (PIP),1997,6.25
East Asia and Pacific (PIP),1998,6.35
East Asia and Pacific (PIP),1999,6.6
East Asia and Pacific (PIP),2000,7.05
East Asia and Pacific (PIP),2001,7.55
East Asia and Pacific (PIP),2002,8.25
East Asia and Pacific (PIP),2003,8.8
East Asia and Pacific (PIP),2004,9.45
East Asia and Pacific (PIP),2005,10.2
East Asia and Pacific (PIP),2006,10.8
East Asia and Pacific (PIP),2007,11.7
East Asia and Pacific (PIP),2008,12.3
East Asia and Pacific (PIP),2009,13.3
East Asia and Pacific (PIP),2010,14.5
East Asia and Pacific (PIP),2011,15.4
East Asia and Pacific (PIP),2012,16.6
East Asia and Pacific (PIP),2013,18.2
East Asia and Pacific (PIP),2014,19.3
East Asia and Pacific (PIP),2015,20.4
East Asia and Pacific (PIP),2016,21.6
East Asia and Pacific (PIP),2017,22.8
East Asia and Pacific (PIP),2018,24
East Asia and Pacific (PIP),2019,25.1
East Asia and Pacific (PIP),2020,23.7
East Asia and Pacific (PIP),2021,25.9
East Asia and Pacific (PIP),2022,26.2
East Asia and Pacific (PIP),2023,27.2
East Asia and Pacific (PIP),2024,28.2
East Timor,2001,5.7425222
East Timor,2007,4.6555305
East Timor,2014,5.629599
Eastern and Southern Africa (PIP),1990,7.65
Eastern and Southern Africa (PIP),1991,7.5
Eastern and Southern Africa (PIP),1992,7.25
Eastern and Southern Africa (PIP),1993,6.75
Eastern and Southern Africa (PIP),1994,6.7
Eastern and Southern Africa (PIP),1995,6.85
Eastern and Southern Africa (PIP),1996,6.95
Eastern and Southern Africa (PIP),1997,7
Eastern and Southern Africa (PIP),1998,6.9
Eastern and Southern Africa (PIP),1999,6.75
Eastern and Southern Africa (PIP),2000,6.65
Eastern and Southern Africa (PIP),2001,6.65
Eastern and Southern Africa (PIP),2002,6.55
Eastern and Southern Africa (PIP),2003,6.45
Eastern and Southern Africa (PIP),2004,6.65
Eastern and Southern Africa (PIP),2005,6.8
Eastern and Southern Africa (PIP),2006,7.15
Eastern and Southern Africa (PIP),2007,7.35
Eastern and Southern Africa (PIP),2008,7.55
Eastern and Southern Africa (PIP),2009,7.55
Eastern and Southern Africa (PIP),2010,7.7
Eastern and Southern Africa (PIP),2011,7.8
Eastern and Southern Africa (PIP),2012,7.8
Eastern and Southern Africa (PIP),2013,7.85
Eastern and Southern Africa (PIP),2014,7.85
Eastern and Southern Africa (PIP),2015,7.9
Eastern and Southern Africa (PIP),2016,7.85
Eastern and Southern Africa (PIP),2017,7.75
Eastern and Southern Africa (PIP),2018,7.7
Eastern and Southern Africa (PIP),2019,7.6
Eastern and Southern Africa (PIP),2020,7.35
Eastern and Southern Africa (PIP),2021,7.4
Eastern and Southern Africa (PIP),2022,7.5
Eastern and Southern Africa (PIP),2023,7.5
Eastern and Southern Africa (PIP),2024,7.55
Ecuador,1994,16.409632
Ecuador,1999,16.303429
Ecuador,2000,12.254849
Ecuador,2003,19.975155
Ecuador,2004,19.452822
Ecuador,2005,23.3997
Ecuador,2006,24.91609
Ecuador,2007,26.849554
Ecuador,2008,26.186264
Ecuador,2009,24.667854
Ecuador,2010,27.44108
Ecuador,2011,28.511364
Ecuador,2012,30.463488
Ecuador,2013,30.843088
Ecuador,2014,30.912415
Ecuador,2015,31.05636
Ecuador,2016,30.157766
Ecuador,2017,31.402842
Ecuador,2018,32.01225
Ecuador,2019,30.825453
Ecuador,2020,27.523474
Ecuador,2021,29.249804
Ecuador,2022,30.983639
Ecuador,2023,30.078592
Ecuador (urban),1987,16.437534
Ecuador (urban),1995,16.821795
Ecuador (urban),1998,16.809504
Egypt,1990,9.238791
Egypt,1995,8.568498
Egypt,1999,10.50305
Egypt,2004,9.598588
Egypt,2008,9.451326
Egypt,2010,10.638752
Egypt,2012,10.690277
Egypt,2015,11.552245
Egypt,2017,10.305208
Egypt,2019,10.939462
El Salvador,1989,16.312397
El Salvador,1991,15.645696
El Salvador,1995,17.174706
El Salvador,1996,17.684565
El Salvador,1998,18.798805
El Salvador,1999,19.97691
El Salvador,2000,22.404139
El Salvador,2001,21.669283
El Salvador,2002,21.54465
El Salvador,2003,19.8151
El Salvador,2004,19.939821
El Salvador,2005,20.2577
El Salvador,2006,19.373543
El Salvador,2007,20.15199
El Salvador,2008,20.62515
El Salvador,2009,19.00009
El Salvador,2010,19.427675
El Salvador,2011,18.353815
El Salvador,2012,18.613874
El Salvador,2013,20.566204
El Salvador,2014,20.494743
El Salvador,2015,19.99262
El Salvador,2016,20.634075
El Salvador,2017,20.330912
El Salvador,2018,22.41546
El Salvador,2019,24.622679
El Salvador,2021,24.648174
El Salvador,2022,24.750977
Estonia,1993,22.17839
Estonia,2003,29.024866
Estonia,2004,29.945879
Estonia,2005,34.644825
Estonia,2006,39.28926
Estonia,2007,45.006165
Estonia,2008,46.118614
Estonia,2009,43.72345
Estonia,2010,41.271904
Estonia,2011,43.727814
Estonia,2012,46.53228
Estonia,2013,52.292427
Estonia,2014,56.852127
Estonia,2015,60.720936
Estonia,2016,63.830208
Estonia,2017,66.5183
Estonia,2018,70.68384
Estonia,2019,73.729805
Estonia,2020,76.58694
Estonia,2021,88.99733
Eswatini,1994,2.732072
Eswatini,2000,7.095136
Eswatini,2009,8.091914
Eswatini,2016,12.879519
Ethiopia,1995,3.8296096
Ethiopia,1999,3.713749
Ethiopia,2004,4.8407917
Ethiopia,2010,5.6014557
Ethiopia,2015,6.554691
Ethiopia (rural),1981,3.1959486
Europe and Central Asia (PIP),1990,26
Europe and Central Asia (PIP),1991,24
Europe and Central Asia (PIP),1992,22.5
Europe and Central Asia (PIP),1993,20
Europe and Central Asia (PIP),1994,19.7
Europe and Central Asia (PIP),1995,21.1
Europe and Central Asia (PIP),1996,20.4
Europe and Central Asia (PIP),1997,20.3
Europe and Central Asia (PIP),1998,20.6
Europe and Central Asia (PIP),1999,18.3
Europe and Central Asia (PIP),2000,19.2
Europe and Central Asia (PIP),2001,20.1
Europe and Central Asia (PIP),2002,21.4
Europe and Central Asia (PIP),2003,23.2
Europe and Central Asia (PIP),2004,25.1
Europe and Central Asia (PIP),2005,26.1
Europe and Central Asia (PIP),2006,27.7
Europe and Central Asia (PIP),2007,30.1
Europe and Central Asia (PIP),2008,32.3
Europe and Central Asia (PIP),2009,31.6
Europe and Central Asia (PIP),2010,32.8
Europe and Central Asia (PIP),2011,33.7
Europe and Central Asia (PIP),2012,34.5
Europe and Central Asia (PIP),2013,35.3
Europe and Central Asia (PIP),2014,35.4
Europe and Central Asia (PIP),2015,34.7
Europe and Central Asia (PIP),2016,35.2
Europe and Central Asia (PIP),2017,35.9
Europe and Central Asia (PIP),2018,36.5
Europe and Central Asia (PIP),2019,37.7
Europe and Central Asia (PIP),2020,41.1
Europe and Central Asia (PIP),2021,49.5
Europe and Central Asia (PIP),2022,51.7
Europe and Central Asia (PIP),2023,52.6
Europe and Central Asia (PIP),2024,54.2
Fiji,2002,18.644987
Fiji,2008,19.751526
Fiji,2013,19.122118
Fiji,2019,13.878078
Finland,1987,53.67211
Finland,1991,61.838238
Finland,1995,57.1302
Finland,2000,67.98361
Finland,2003,72.75936
Finland,2004,76.05035
Finland,2005,79.07297
Finland,2006,81.474754
Finland,2007,84.16475
Finland,2008,84.71711
Finland,2009,86.21028
Finland,2010,88.31584
Finland,2011,88.90443
Finland,2012,88.87522
Finland,2013,88.28984
Finland,2014,87.83125
Finland,2015,88.73158
Finland,2016,87.63539
Finland,2017,90.45228
Finland,2018,91.76503
Finland,2019,92.979256
Finland,2020,92.3879
Finland,2021,95.21964
France,1970,47.757664
France,1975,58.153755
France,1979,64.24874
France,1984,66.92938
France,1990,71.0323
France,1996,77.474396
France,1997,78.05945
France,1998,79.30769
France,1999,81.66009
France,2000,83.62787
France,2001,85.36766
France,2002,87.44473
France,2003,79.15793
France,2004,80.82913
France,2005,77.81046
France,2006,78.51055
France,2007,96.04018
France,2008,95.736565
France,2009,97.54766
France,2010,98.15907
France,2011,96.895775
France,2012,96.78916
France,2013,95.25941
France,2014,95.58181
France,2015,95.132675
France,2016,96.97157
France,2017,94.99687
France,2018,96.16871
France,2019,90.88675
France,2020,92.65076
France,2021,93.97595
Gabon,2005,16.654663
Gabon,2017,23.825977
Gambia,1998,3.8793526
Gambia,2003,6.5858903
Gambia,2010,7.9447217
Gambia,2015,8.745805
Gambia,2020,9.240876
Georgia,1996,15.079735
Georgia,1997,10.661033
Georgia,1998,10.420198
Georgia,1999,9.340783
Georgia,2000,9.024981
Georgia,2001,8.474546
Georgia,2002,10.767209
Georgia,2003,10.84054
Georgia,2004,11.028744
Georgia,2005,10.934388
Georgia,2006,10.842835
Georgia,2007,10.45858
Georgia,2008,11.464403
Georgia,2009,11.33396
Georgia,2010,11.350735
Georgia,2011,11.847887
Georgia,2012,12.794168
Georgia,2013,13.741673
Georgia,2014,14.252142
Georgia,2015,14.196344
Georgia,2016,14.566218
Georgia,2017,14.929333
Georgia,2018,14.59664
Georgia,2019,14.077051
Georgia,2020,12.818536
Georgia,2021,13.320476
Georgia,2022,14.732074
Germany,1991,86.85792
Germany,1992,86.61364
Germany,1993,86.221954
Germany,1994,84.09787
Germany,1995,84.69395
Germany,1996,85.98141
Germany,1997,84.94177
Germany,1998,87.98468
Germany,1999,90.2857
Germany,2000,92.32864
Germany,2001,93.48302
Germany,2002,94.38861
Germany,2003,93.694695
Germany,2004,94.76408
Germany,2005,97.18163
Germany,2006,97.173584
Germany,2007,96.9932
Germany,2008,96.67369
Germany,2009,96.7559
Germany,2010,97.61323
Germany,2011,97.90994
Germany,2012,98.72906
Germany,2013,98.61174
Germany,2014,99.23523
Germany,2015,101.029594
Germany,2016,104.87057
Germany,2017,103.78739
Germany,2018,108.17471
Germany,2019,109.258545
Germany,2020,117.8201
Ghana,1987,4.1892567
Ghana,1988,4.29142
Ghana,1991,4.152334
Ghana,1998,5.1963406
Ghana,2005,6.511311
Ghana,2012,9.65681
Ghana,2016,9.993663
Greece,1995,51.800304
Greece,2000,56.09133
Greece,2003,63.529312
Greece,2004,66.982025
Greece,2005,68.95253
Greece,2006,68.18556
Greece,2007,69.86527
Greece,2008,69.01068
Greece,2009,70.87712
Greece,2010,62.76045
Greece,2011,52.16313
Greece,2012,45.475266
Greece,2013,44.678516
Greece,2014,44.32225
Greece,2015,44.626965
Greece,2016,45.437874
Greece,2017,44.582207
Greece,2018,46.339764
Greece,2019,49.17267
Greece,2020,50.317482
Greece,2021,53.78675
Grenada,2018,44.097687
Guatemala,1986,7.8490486
Guatemala,1989,12.479238
Guatemala,1998,19.362736
Guatemala,2000,22.864578
Guatemala,2006,24.504856
Guatemala,2014,18.217997
Guinea,1991,2.3497229
Guinea,1994,7.646709
Guinea,2002,5.3189178
Guinea,2007,5.89449
Guinea,2012,6.718633
Guinea,2018,7.549208
Guinea-Bissau,1991,9.21752
Guinea-Bissau,1993,6.684326
Guinea-Bissau,2002,4.5504847
Guinea-Bissau,2010,4.898364
Guinea-Bissau,2018,7.629908
Guinea-Bissau,2021,7.073131
Guyana,1992,8.155508
Guyana,1998,16.156965
Haiti,2001,5.65286
Haiti,2012,7.4373355
Honduras,1989,10.731539
Honduras,1990,9.836606
Honduras,1991,11.168569
Honduras,1992,11.9880085
Honduras,1993,14.039324
Honduras,1994,14.856164
Honduras,1995,14.572584
Honduras,1996,13.457707
Honduras,1997,15.994857
Honduras,1998,16.91343
Honduras,1999,16.852173
Honduras,2001,22.088896
Honduras,2002,18.692223
Honduras,2003,17.980112
Honduras,2004,18.532644
Honduras,2005,20.97113
Honduras,2006,22.101957
Honduras,2007,23.979256
Honduras,2008,23.428831
Honduras,2009,23.798655
Honduras,2010,23.764841
Honduras,2011,23.133926
Honduras,2012,20.643396
Honduras,2013,20.917433
Honduras,2014,21.069769
Honduras,2015,20.97515
Honduras,2016,22.603788
Honduras,2017,21.697361
Honduras,2018,21.949175
Honduras,2019,21.341427
Honduras (urban),1986,7.9691234
Hungary,1987,31.87435
Hungary,1989,16.195549
Hungary,1991,31.430862
Hungary,1993,24.432953
Hungary,1994,30.477888
Hungary,1999,25.786554
Hungary,2004,30.595095
Hungary,2005,33.717216
Hungary,2006,32.451427
Hungary,2007,32.19571
Hungary,2008,32.931572
Hungary,2009,31.178406
Hungary,2010,33.329166
Hungary,2011,33.129803
Hungary,2012,31.883194
Hungary,2013,33.9134
Hungary,2014,35.10618
Hungary,2015,37.49283
Hungary,2016,38.83005
Hungary,2017,39.611034
Hungary,2018,41.293766
Hungary,2019,43.843765
Hungary,2020,49.58783
Hungary,2021,47.445442
Iceland,2003,74.06482
Iceland,2004,76.440506
Iceland,2005,80.8465
Iceland,2006,92.86324
Iceland,2007,97.78875
Iceland,2008,102.45209
Iceland,2009,85.52293
Iceland,2010,75.17372
Iceland,2011,75.204636
Iceland,2012,77.73523
Iceland,2013,77.60465
Iceland,2014,81.04488
Iceland,2015,87.47693
Iceland,2016,94.862885
Iceland,2017,97.95676
India,1977,3.7717786
India,1983,4.0951214
India,1987,4.397759
India,1993,4.559764
India,2004,5.2575502
India,2009,5.7563868
India,2011,6.769648
India,2015,7.2334886
India,2016,7.282961
India,2017,8.367556
India,2018,9.03999
India,2019,9.023169
India,2020,8.657435
India,2021,8.761667
India (rural),1977,3.3556786
India (rural),1983,3.6204817
India (rural),1987,3.9062607
India (rural),1993,3.942089
India (rural),2004,4.414866
India (rural),2009,4.7392325
India (rural),2011,5.6075015
India (rural),2015,5.9789233
India (rural),2016,5.9920487
India (rural),2017,6.8133454
India (rural),2018,7.080989
India (rural),2019,7.821121
India (rural),2020,7.58113
India (rural),2021,7.5297737
India (urban),1977,5.1399727
India (urban),1983,5.4766207
India (urban),1987,5.845423
India (urban),1993,6.3071504
India (urban),2004,7.386183
India (urban),2009,8.384367
India (urban),2011,9.533913
India (urban),2015,9.870567
India (urban),2016,9.732265
India (urban),2017,11.055934
India (urban),2018,11.533876
India (urban),2019,11.251769
India (urban),2020,10.514292
India (urban),2021,11.048262
Indonesia,1984,3.1918538
Indonesia,1987,3.1310797
Indonesia,1990,3.8583984
Indonesia,1993,3.9279757
Indonesia,1996,4.8211184
Indonesia,1998,3.492841
Indonesia,1999,4.575568
Indonesia,2000,4.6798635
Indonesia,2001,4.9844575
Indonesia,2002,5.88502
Indonesia,2003,5.9359393
Indonesia,2004,6.0508075
Indonesia,2005,6.2132463
Indonesia,2006,5.980544
Indonesia,2007,6.9151464
Indonesia,2008,7.0301833
Indonesia,2009,7.096683
Indonesia,2010,8.105349
Indonesia,2011,9.158318
Indonesia,2012,9.52623
Indonesia,2013,10.394328
Indonesia,2014,10.427372
Indonesia,2015,10.34142
Indonesia,2016,11.103086
Indonesia,2017,12.590441
Indonesia,2018,12.585694
Indonesia,2019,12.567642
Indonesia,2020,12.913707
Indonesia,2021,13.0006275
Indonesia,2022,13.220729
Indonesia,2023,13.610656
Iran,1986,18.886452
Iran,1990,16.59467
Iran,1994,19.09015
Iran,1998,21.144714
Iran,2005,32.833874
Iran,2006,34.78748
Iran,2009,32.63272
Iran,2011,24.48536
Iran,2012,24.497503
Iran,2013,23.520573
Iran,2014,23.07092
Iran,2015,23.670712
Iran,2016,24.146595
Iran,2017,26.279211
Iran,2018,25.269173
Iran,2019,22.429132
Iran,2020,21.66293
Iran,2021,23.702442
Iran,2022,24.133598
Iraq,2006,17.63263
Iraq,2012,19.07056
Ireland,1987,34.381493
Ireland,1994,51.936745
Ireland,1995,53.655846
Ireland,1996,55.464214
Ireland,2000,64.98767
Ireland,2002,72.994286
Ireland,2003,74.15821
Ireland,2004,77.28852
Ireland,2005,81.51764
Ireland,2006,89.63382
Ireland,2007,85.80771
Ireland,2008,77.89695
Ireland,2009,79.63883
Ireland,2010,77.72055
Ireland,2011,75.1138
Ireland,2012,75.68401
Ireland,2013,75.73279
Ireland,2014,78.59153
Ireland,2015,79.597176
Ireland,2016,87.63639
Ireland,2017,90.17424
Ireland,2018,91.08765
Ireland,2019,91.1179
Ireland,2020,95.250946
Ireland,2021,97.56379
Israel,1979,37.261776
Israel,1986,37.701893
Israel,1992,43.013477
Israel,1997,47.09685
Israel,2001,53.40596
Israel,2002,48.837746
Israel,2003,50.522408
Israel,2004,54.919186
Israel,2005,57.493126
Israel,2006,57.201508
Israel,2007,59.726093
Israel,2008,61.58016
Israel,2009,61.47682
Israel,2010,61.11794
Israel,2011,62.479782
Israel,2012,65.39734
Israel,2013,67.77066
Israel,2014,69.01166
Israel,2015,70.447556
Israel,2016,72.452934
Israel,2017,74.461975
Israel,2018,76.51348
Israel,2019,74.45072
Israel,2020,75.49261
Israel,2021,73.357544
Italy,1977,42.76261
Italy,1978,45.371532
Italy,1979,47.259377
Italy,1980,49.58834
Italy,1981,48.18476
Italy,1982,48.55968
Italy,1983,47.874165
Italy,1984,51.655396
Italy,1986,49.157333
Italy,1987,59.908264
Italy,1989,64.29645
Italy,1991,61.995735
Italy,1993,62.310043
Italy,1995,60.467587
Italy,1998,65.47147
Italy,2000,67.61351
Italy,2002,68.568245
Italy,2003,82.34254
Italy,2004,83.98003
Italy,2005,83.73819
Italy,2006,85.556725
Italy,2007,84.81574
Italy,2008,84.59438
Italy,2009,85.31563
Italy,2010,84.122
Italy,2011,84.06807
Italy,2012,79.92984
Italy,2013,79.80905
Italy,2014,79.50875
Italy,2015,81.37961
Italy,2016,82.60117
Italy,2017,85.143616
Italy,2018,85.42797
Italy,2019,87.70242
Italy,2020,89.134155
Italy,2021,90.185356
Jamaica,1988,19.07886
Jamaica,1990,18.253185
Jamaica,1993,12.20669
Jamaica,1996,18.693888
Jamaica,1999,26.968733
Jamaica,2002,30.735064
Jamaica,2004,29.04213
Jamaica,2018,35.25649
Jamaica,2021,39.26024
Japan,2008,75.443695
Japan,2010,89.35314
Japan,2013,84.37115
Jordan,1986,31.677387
Jordan,1992,24.287794
Jordan,1997,20.078579
Jordan,2002,25.642975
Jordan,2006,26.55135
Jordan,2008,27.09854
Jordan,2010,30.028559
Kazakhstan,1993,10.763682
Kazakhstan,1996,11.862831
Kazakhstan,2001,10.211174
Kazakhstan,2002,10.66531
Kazakhstan,2003,11.381064
Kazakhstan,2004,11.601777
Kazakhstan,2005,14.286648
Kazakhstan,2006,13.579832
Kazakhstan,2007,15.847868
Kazakhstan,2008,15.526318
Kazakhstan,2009,15.446052
Kazakhstan,2010,16.501112
Kazakhstan,2011,19.705276
Kazakhstan,2012,19.967974
Kazakhstan,2013,20.461973
Kazakhstan,2014,19.904385
Kazakhstan,2015,18.933737
Kazakhstan,2016,17.758291
Kazakhstan,2017,19.218912
Kazakhstan,2018,20.553484
Kazakhstan,2019,20.65355
Kazakhstan,2020,21.260977
Kazakhstan,2021,22.372768
Kenya,1992,12.429088
Kenya,1994,8.748639
Kenya,1997,9.303386
Kenya,2005,7.858758
Kenya,2015,8.134097
Kenya,2020,6.54929
Kenya,2021,6.417358
Kiribati,2006,9.707546
Kiribati,2019,10.152453
Kosovo,2003,10.658863
Kosovo,2005,11.629724
Kosovo,2006,11.048738
Kosovo,2009,12.921882
Kosovo,2010,13.954175
Kosovo,2011,11.96085
Kosovo,2012,14.199369
Kosovo,2013,14.161236
Kosovo,2014,14.280473
Kosovo,2015,15.173947
Kosovo,2016,14.934866
Kosovo,2017,15.477643
Kyrgyzstan,2000,5.4955544
Kyrgyzstan,2001,5.6060467
Kyrgyzstan,2002,5.7672696
Kyrgyzstan,2003,5.760214
Kyrgyzstan,2004,9.958734
Kyrgyzstan,2005,8.150218
Kyrgyzstan,2006,11.115023
Kyrgyzstan,2007,10.30562
Kyrgyzstan,2008,10.772236
Kyrgyzstan,2009,11.048911
Kyrgyzstan,2010,10.475252
Kyrgyzstan,2011,10.102802
Kyrgyzstan,2012,9.743496
Kyrgyzstan,2013,9.823627
Kyrgyzstan,2014,9.884003
Kyrgyzstan,2015,9.820912
Kyrgyzstan,2016,10.203912
Kyrgyzstan,2017,10.040142
Kyrgyzstan,2018,10.822281
Kyrgyzstan,2019,11.078084
Kyrgyzstan,2020,10.600482
Kyrgyzstan,2021,11.441776
Kyrgyzstan,2022,11.1798725
Laos,1992,6.821606
Laos,1997,5.2336264
Laos,2002,6.3345704
Laos,2007,7.426296
Laos,2012,9.80185
Laos,2018,11.704487
Latin America and the Caribbean (PIP),1990,23
Latin America and the Caribbean (PIP),1991,22.4
Latin America and the Caribbean (PIP),1992,21.9
Latin America and the Caribbean (PIP),1993,23.4
Latin America and the Caribbean (PIP),1994,24.5
Latin America and the Caribbean (PIP),1995,24.6
Latin America and the Caribbean (PIP),1996,24.6
Latin America and the Caribbean (PIP),1997,25.1
Latin America and the Caribbean (PIP),1998,25.8
Latin America and the Caribbean (PIP),1999,24.8
Latin America and the Caribbean (PIP),2000,26.1
Latin America and the Caribbean (PIP),2001,26
Latin America and the Caribbean (PIP),2002,25.2
Latin America and the Caribbean (PIP),2003,25.7
Latin America and the Caribbean (PIP),2004,26.2
Latin America and the Caribbean (PIP),2005,27.5
Latin America and the Caribbean (PIP),2006,29.6
Latin America and the Caribbean (PIP),2007,30.5
Latin America and the Caribbean (PIP),2008,31.5
Latin America and the Caribbean (PIP),2009,31.5
Latin America and the Caribbean (PIP),2010,32.3
Latin America and the Caribbean (PIP),2011,33.7
Latin America and the Caribbean (PIP),2012,35.2
Latin America and the Caribbean (PIP),2013,36.1
Latin America and the Caribbean (PIP),2014,35.8
Latin America and the Caribbean (PIP),2015,36.6
Latin America and the Caribbean (PIP),2016,36.8
Latin America and the Caribbean (PIP),2017,36.8
Latin America and the Caribbean (PIP),2018,37
Latin America and the Caribbean (PIP),2019,37.3
Latin America and the Caribbean (PIP),2020,34.5
Latin America and the Caribbean (PIP),2021,35.4
Latin America and the Caribbean (PIP),2022,37.3
Latin America and the Caribbean (PIP),2023,37.7
Latin America and the Caribbean (PIP),2024,38.1
Latvia,1993,14.76648
Latvia,1995,17.01585
Latvia,1996,16.222012
Latvia,2004,24.939919
Latvia,2005,29.194502
Latvia,2006,34.43373
Latvia,2007,45.784782
Latvia,2008,44.369488
Latvia,2009,36.248417
Latvia,2010,33.440826
Latvia,2011,34.390743
Latvia,2012,35.35578
Latvia,2013,40.278503
Latvia,2014,43.048843
Latvia,2015,45.860725
Latvia,2016,49.281124
Latvia,2017,51.901367
Latvia,2018,57.190224
Latvia,2019,59.081043
Latvia,2020,63.025524
Latvia,2021,64.87336
Lebanon,2011,53.527027
Lesotho,1986,7.28944
Lesotho,1994,10.66814
Lesotho,2002,4.843125
Lesotho,2017,9.387008
Liberia,2007,4.488207
Liberia,2014,6.7283316
Liberia,2016,7.1172223
Lithuania,1993,9.556757
Lithuania,2004,26.394728
Lithuania,2005,29.9896
Lithuania,2006,35.584213
Lithuania,2007,42.597576
Lithuania,2008,45.30958
Lithuania,2009,39.17944
Lithuania,2010,34.48583
Lithuania,2011,36.531773
Lithuania,2012,40.03306
Lithuania,2013,42.59731
Lithuania,2014,46.09169
Lithuania,2015,52.09828
Lithuania,2016,55.776585
Lithuania,2017,58.33622
Lithuania,2018,62.9984
Lithuania,2019,68.54391
Lithuania,2020,77.8764
Lithuania,2021,80.00542
Luxembourg,1985,72.562965
Luxembourg,1986,81.65402
Luxembourg,1987,90.91923
Luxembourg,1988,96.501335
Luxembourg,1989,100.73003
Luxembourg,1990,103.52884
Luxembourg,1991,103.29861
Luxembourg,1992,108.2514
Luxembourg,1993,108.25706
Luxembourg,1994,103.288055
Luxembourg,1995,106.18809
Luxembourg,1996,108.30037
Luxembourg,1997,112.06129
Luxembourg,1998,116.65851
Luxembourg,1999,119.57466
Luxembourg,2000,121.15259
Luxembourg,2001,124.33396
Luxembourg,2002,129.5419
Luxembourg,2003,130.19
Luxembourg,2004,131.68967
Luxembourg,2005,139.31906
Luxembourg,2006,137.02567
Luxembourg,2007,137.01485
Luxembourg,2008,139.8899
Luxembourg,2009,135.90324
Luxembourg,2010,135.8791
Luxembourg,2011,135.30547
Luxembourg,2012,137.28992
Luxembourg,2013,137.7078
Luxembourg,2014,133.47589
Luxembourg,2015,126.902405
Luxembourg,2016,139.9652
Luxembourg,2017,142.35986
Luxembourg,2018,149.41696
Luxembourg,2019,149.59871
Luxembourg,2020,164.84772
Luxembourg,2021,165.97421
Madagascar,1980,6.311812
Madagascar,1993,3.6672606
Madagascar,1997,3.804878
Madagascar,1999,3.990041
Madagascar,2001,4.4636226
Madagascar,2005,3.5808864
Madagascar,2010,3.1782746
Madagascar,2012,3.1331053
Malawi,1997,5.0196137
Malawi,2004,3.829059
Malawi,2010,4.1252418
Malawi,2016,4.055394
Malawi,2019,3.8145967
Malaysia,1984,25.246006
Malaysia,1987,24.5761
Malaysia,1989,23.867466
Malaysia,1992,27.631296
Malaysia,1995,28.496664
Malaysia,1997,35.491814
Malaysia,2003,33.25337
Malaysia,2006,36.234177
Malaysia,2008,38.16213
Malaysia,2011,45.56146
Malaysia,2013,50.16596
Malaysia,2015,56.046703
Malaysia,2018,62.82021
Malaysia,2021,65.802246
Maldives,2002,11.319081
Maldives,2009,15.466066
Maldives,2016,32.36985
Maldives,2019,32.391632
Mali,1994,2.8372068
Mali,2001,4.971342
Mali,2006,5.579073
Mali,2009,4.9807577
Mali,2018,9.1782875
Mali,2021,8.105056
Malta,2006,57.316856
Malta,2007,63.15211
Malta,2008,65.44561
Malta,2009,64.101326
Malta,2010,64.58593
Malta,2011,66.24069
Malta,2012,66.8472
Malta,2013,71.311874
Malta,2014,74.974915
Malta,2015,75.23128
Malta,2016,81.30834
Malta,2017,81.141304
Malta,2018,82.53906
Malta,2019,91.15367
Malta,2020,96.06305
Marshall Islands,2019,21.75436
Mauritania,1987,6.9135914
Mauritania,1993,6.6908064
Mauritania,1995,8.639679
Mauritania,2000,9.499988
Mauritania,2004,8.8900795
Mauritania,2008,10.6960745
Mauritania,2014,10.986172
Mauritania,2019,11.020873
Mauritius,2006,23.455927
Mauritius,2012,26.190601
Mauritius,2017,28.821106
Mexico,1984,19.821802
Mexico,1989,19.411703
Mexico,1992,24.06174
Mexico,1994,24.940035
Mexico,1996,18.104275
Mexico,1998,20.138811
Mexico,2000,24.208418
Mexico,2002,23.899529
Mexico,2004,25.037085
Mexico,2005,25.024576
Mexico,2006,26.41081
Mexico,2008,27.396557
Mexico,2010,24.95653
Mexico,2012,27.785957
Mexico,2014,25.218363
Mexico,2016,28.303059
Mexico,2018,28.604092
Mexico,2020,27.454765
Mexico,2022,31.11031
Micronesia (country),2005,15.753971
Micronesia (country),2013,10.623494
Micronesia (country) (urban),2000,12.158045
Middle East and North Africa (PIP),1990,13.5
Middle East and North Africa (PIP),1991,13.7
Middle East and North Africa (PIP),1992,14.1
Middle East and North Africa (PIP),1993,14.2
Middle East and North Africa (PIP),1994,14.3
Middle East and North Africa (PIP),1995,14.3
Middle East and North Africa (PIP),1996,14.8
Middle East and North Africa (PIP),1997,15
Middle East and North Africa (PIP),1998,15.7
Middle East and North Africa (PIP),1999,15.9
Middle East and North Africa (PIP),2000,16.7
Middle East and North Africa (PIP),2001,16.8
Middle East and North Africa (PIP),2002,17.3
Middle East and North Africa (PIP),2003,17.9
Middle East and North Africa (PIP),2004,19.2
Middle East and North Africa (PIP),2005,19.5
Middle East and North Africa (PIP),2006,19.9
Middle East and North Africa (PIP),2007,20.3
Middle East and North Africa (PIP),2008,20.4
Middle East and North Africa (PIP),2009,20.6
Middle East and North Africa (PIP),2010,20.1
Middle East and North Africa (PIP),2011,19.3
Middle East and North Africa (PIP),2012,19
Middle East and North Africa (PIP),2013,18.8
Middle East and North Africa (PIP),2014,18.6
Middle East and North Africa (PIP),2015,18.8
Middle East and North Africa (PIP),2016,19
Middle East and North Africa (PIP),2017,19.4
Middle East and North Africa (PIP),2018,19.3
Middle East and North Africa (PIP),2019,18.6
Middle East and North Africa (PIP),2020,17.6
Middle East and North Africa (PIP),2021,18.1
Middle East and North Africa (PIP),2022,18.6
Middle East and North Africa (PIP),2023,18.7
Middle East and North Africa (PIP),2024,18.8
Moldova,1997,10.020171
Moldova,1998,8.502283
Moldova,1999,7.4198165
Moldova,2000,6.6372976
Moldova,2001,7.973184
Moldova,2002,9.83242
Moldova,2003,11.481827
Moldova,2004,11.331538
Moldova,2005,10.317933
Moldova,2006,17.325005
Moldova,2007,19.388988
Moldova,2008,18.996181
Moldova,2009,18.81166
Moldova,2010,18.680538
Moldova,2011,18.656857
Moldova,2012,18.650877
Moldova,2013,19.46221
Moldova,2014,18.74631
Moldova,2015,19.057453
Moldova,2016,18.193752
Moldova,2017,18.54854
Moldova,2018,18.916302
Moldova,2019,19.669775
Moldova,2021,18.954826
Mongolia,1995,9.197012
Mongolia,1998,5.8268332
Mongolia,2002,9.443759
Mongolia,2007,15.828454
Mongolia,2010,15.060696
Mongolia,2011,16.573557
Mongolia,2012,19.255281
Mongolia,2014,19.13643
Mongolia,2016,15.941935
Mongolia,2018,17.220457
Mongolia,2022,21.314394
Montenegro,2012,30.015064
Montenegro,2013,29.906105
Montenegro,2014,31.20552
Montenegro,2015,30.89217
Montenegro,2016,32.58165
Montenegro,2017,32.659454
Montenegro,2018,31.862354
Montenegro,2019,32.757744
Montenegro,2020,31.886263
Montenegro,2021,33.785217
Morocco,1984,9.685785
Morocco,1990,14.291437
Morocco,1998,12.519266
Morocco,2000,12.846304
Morocco,2006,15.002953
Morocco,2013,19.3408
Mozambique,1996,3.1681423
Mozambique,2002,3.1030421
Mozambique,2008,3.7324457
Mozambique,2014,5.1545815
Mozambique,2019,3.9630923
Myanmar,2015,10.334016
Myanmar,2017,10.88691
Namibia,1993,13.5986
Namibia,2003,14.363049
Namibia,2009,16.258533
Namibia,2015,25.230568
Nauru,2012,12.523173
Nepal,1984,3.40921
Nepal,1995,4.5114985
Nepal,2003,6.963719
Nepal,2010,9.1456585
Nepal,2022,15.058064
Netherlands,1983,58.450867
Netherlands,1987,62.59545
Netherlands,1990,80.683586
Netherlands,1993,77.42306
Netherlands,1999,86.77852
Netherlands,2004,84.47451
Netherlands,2005,85.919846
Netherlands,2006,89.19921
Netherlands,2007,94.51304
Netherlands,2008,94.47695
Netherlands,2009,93.02701
Netherlands,2010,91.47061
Netherlands,2011,89.5689
Netherlands,2012,88.8515
Netherlands,2013,87.57313
Netherlands,2014,88.47968
Netherlands,2015,93.04109
Netherlands,2016,96.86205
Netherlands,2017,96.27263
Netherlands,2018,96.6784
Netherlands,2019,99.27366
Netherlands,2020,97.62666
Netherlands,2021,101.45137
Nicaragua,1993,10.810708
Nicaragua,1998,12.450052
Nicaragua,2001,14.130162
Nicaragua,2005,16.258068
Nicaragua,2009,16.428715
Nicaragua,2014,21.267536
Niger,1992,2.5859501
Niger,1994,2.4999886
Niger,2005,3.0531986
Niger,2007,3.047901
Niger,2011,3.9197896
Niger,2014,4.644208
Niger,2018,5.019259
Niger,2021,4.545817
Nigeria,1985,5.799228
Nigeria,1992,6.137894
Nigeria,1996,5.8147297
Nigeria,2003,5.6507072
Nigeria,2010,6.627938
Nigeria,2012,6.7075496
Nigeria,2015,6.9700003
Nigeria,2018,6.635329
North Macedonia,2009,20.177872
North Macedonia,2010,20.288988
North Macedonia,2011,21.056982
North Macedonia,2012,20.891937
North Macedonia,2013,20.450104
North Macedonia,2014,21.042065
North Macedonia,2015,22.394083
North Macedonia,2016,23.141779
North Macedonia,2017,23.619234
North Macedonia,2018,24.205574
North Macedonia,2019,26.934984
Norway,1979,47.83624
Norway,1986,59.38357
Norway,1991,63.273914
Norway,1995,63.98382
Norway,2000,76.23636
Norway,2003,81.28019
Norway,2004,82.35752
Norway,2005,85.37012
Norway,2006,87.294586
Norway,2007,95.4461
Norway,2008,100.567535
Norway,2009,99.034584
Norway,2010,98.79943
Norway,2011,104.79443
Norway,2012,107.36422
Norway,2013,113.58467
Norway,2014,114.646385
Norway,2015,116.15198
Norway,2016,114.68503
Norway,2017,114.82345
Norway,2018,115.41576
Norway,2019,117.90513
Other high income countries (PIP),1990,82.7
Other high income countries (PIP),1991,82.8
Other high income countries (PIP),1992,83.5
Other high income countries (PIP),1993,83.7
Other high income countries (PIP),1994,84.7
Other high income countries (PIP),1995,85.7
Other high income countries (PIP),1996,87.2
Other high income countries (PIP),1997,88.6
Other high income countries (PIP),1998,91.1
Other high income countries (PIP),1999,93.5
Other high income countries (PIP),2000,94.9
Other high income countries (PIP),2001,95.3
Other high income countries (PIP),2002,96.7
Other high income countries (PIP),2003,98.2
Other high income countries (PIP),2004,98
Other high income countries (PIP),2005,99.8
Other high income countries (PIP),2006,101.6
Other high income countries (PIP),2007,104.4
Other high income countries (PIP),2008,103.5
Other high income countries (PIP),2009,104.1
Other high income countries (PIP),2010,103.9
Other high income countries (PIP),2011,104.1
Other high income countries (PIP),2012,103.8
Other high income countries (PIP),2013,103.9
Other high income countries (PIP),2014,105.4
Other high income countries (PIP),2015,107.6
Other high income countries (PIP),2016,110.5
Other high income countries (PIP),2017,112.1
Other high income countries (PIP),2018,115
Other high income countries (PIP),2019,119.6
Other high income countries (PIP),2020,120.7
Other high income countries (PIP),2021,120.9
Other high income countries (PIP),2022,120.2
Other high income countries (PIP),2023,121.6
Other high income countries (PIP),2024,123.2
Pakistan,1987,3.64282
Pakistan,1990,3.693778
Pakistan,1996,5.5408406
Pakistan,1998,5.7098656
Pakistan,2001,4.922324
Pakistan,2004,6.2412477
Pakistan,2005,6.1873446
Pakistan,2007,6.504407
Pakistan,2010,6.75316
Pakistan,2011,7.0590973
Pakistan,2013,7.613112
Pakistan,2015,8.333523
Pakistan,2018,8.065796
Palestine,2004,22.647095
Palestine,2005,23.67726
Palestine,2006,24.075968
Palestine,2007,22.662918
Palestine,2009,25.13152
Palestine,2010,25.68313
Palestine,2011,25.642797
Palestine,2016,25.342075
Panama,1979,29.34039
Panama,1989,27.420254
Panama,1991,29.26231
Panama,1995,35.37933
Panama,1997,36.84907
Panama,1998,35.148212
Panama,1999,37.816174
Panama,2000,39.88774
Panama,2001,34.77374
Panama,2002,38.031837
Panama,2003,39.38182
Panama,2004,40.371857
Panama,2005,39.13749
Panama,2006,39.544853
Panama,2007,39.37445
Panama,2008,46.5776
Panama,2009,46.777046
Panama,2010,47.88942
Panama,2011,51.39291
Panama,2012,53.72271
Panama,2013,55.708115
Panama,2014,55.475376
Panama,2015,60.078457
Panama,2016,65.57617
Panama,2017,62.347687
Panama,2018,65.82547
Panama,2019,68.53227
Panama,2021,63.780647
Panama,2023,61.67498
Papua New Guinea,1996,6.6913786
Papua New Guinea,2009,6.7441435
Paraguay,1990,31.924047
Paraguay,1995,29.56107
Paraguay,1997,33.9525
Paraguay,1999,29.736574
Paraguay,2001,29.912554
Paraguay,2002,22.197914
Paraguay,2003,26.301796
Paraguay,2004,25.433233
Paraguay,2005,27.313276
Paraguay,2006,25.241825
Paraguay,2007,26.383505
Paraguay,2008,28.0528
Paraguay,2009,26.540026
Paraguay,2010,29.229744
Paraguay,2011,32.173565
Paraguay,2012,32.776722
Paraguay,2013,35.823853
Paraguay,2014,36.980343
Paraguay,2015,36.988693
Paraguay,2016,35.012257
Paraguay,2017,34.84279
Paraguay,2018,36.215454
Paraguay,2019,36.928402
Paraguay,2020,32.949203
Paraguay,2021,33.260597
Paraguay,2022,34.986534
Peru,1997,17.487993
Peru,1998,18.84362
Peru,1999,17.140562
Peru,2000,15.786791
Peru,2001,15.896042
Peru,2002,17.769274
Peru,2003,18.206865
Peru,2004,17.0686
Peru,2005,16.194365
Peru,2006,18.357666
Peru,2007,20.623926
Peru,2008,21.095201
Peru,2009,22.151762
Peru,2010,22.585962
Peru,2011,23.045704
Peru,2012,24.421768
Peru,2013,24.927824
Peru,2014,24.89816
Peru,2015,25.104065
Peru,2016,26.359474
Peru,2017,25.712675
Peru,2018,26.537931
Peru,2019,26.526493
Peru,2020,21.195215
Peru,2021,22.633213
Peru,2022,23.31119
Philippines,1985,8.089349
Philippines,1988,8.7862835
Philippines,1991,9.5066
Philippines,1994,9.711518
Philippines,1997,12.097116
Philippines,2000,11.312361
Philippines,2003,11.780686
Philippines,2006,12.205307
Philippines,2009,12.680952
Philippines,2012,12.456752
Philippines,2015,12.957825
Philippines,2018,13.029874
Philippines,2021,12.038189
Poland,1985,22.913446
Poland,1986,24.20017
Poland,1987,23.511124
Poland,1989,34.289803
Poland,1992,26.972616
Poland,1995,22.989729
Poland,1999,26.996616
Poland,2004,31.644667
Poland,2005,33.426884
Poland,2006,34.425243
Poland,2007,38.10433
Poland,2008,40.38124
Poland,2009,41.68083
Poland,2010,42.03391
Poland,2011,43.09872
Poland,2012,42.933056
Poland,2013,43.475998
Poland,2014,45.034054
Poland,2015,46.640556
Poland,2016,49.467037
Poland,2017,50.563366
Poland,2018,53.52137
Poland,2019,58.035084
Poland,2020,59.04327
Poland,2021,63.372784
Portugal,2003,57.77549
Portugal,2004,58.796562
Portugal,2005,58.22564
Portugal,2006,58.901028
Portugal,2007,57.054565
Portugal,2008,55.317837
Portugal,2009,58.126442
Portugal,2010,55.724476
Portugal,2011,54.052597
Portugal,2012,51.518017
Portugal,2013,52.080627
Portugal,2014,51.676937
Portugal,2015,54.41253
Portugal,2016,54.91752
Portugal,2017,54.458218
Portugal,2018,57.047264
Portugal,2019,60.97158
Portugal,2020,65.478775
Portugal,2021,65.39148
Qatar,2017,167.60269
Romania,1989,26.330147
Romania,1992,18.135101
Romania,1994,7.906904
Romania,1995,14.917364
Romania,1997,13.682591
Romania,2006,18.079395
Romania,2007,19.427477
Romania,2008,21.467482
Romania,2009,21.798141
Romania,2010,21.136904
Romania,2011,20.18483
Romania,2012,20.244558
Romania,2013,20.189964
Romania,2014,20.983656
Romania,2015,22.368042
Romania,2016,25.047253
Romania,2017,32.30821
Romania,2018,36.376904
Romania,2019,39.081493
Romania,2020,43.30677
Romania,2021,46.783592
Russia,1993,26.300108
Russia,1996,25.750238
Russia,1997,22.975216
Russia,1998,21.106148
Russia,1999,16.753082
Russia,2000,18.392496
Russia,2001,20.515715
Russia,2002,22.889492
Russia,2003,26.501171
Russia,2004,28.299318
Russia,2005,31.640245
Russia,2006,34.762398
Russia,2007,41.076775
Russia,2008,43.92346
Russia,2009,41.781036
Russia,2010,44.17246
Russia,2011,45.97082
Russia,2012,47.680687
Russia,2013,48.66558
Russia,2014,45.89777
Russia,2015,43.112465
Russia,2016,41.917255
Russia,2017,41.6732
Russia,2018,41.29373
Russia,2019,42.079643
Russia,2020,39.948223
Rwanda,2000,3.768795
Rwanda,2005,4.9620457
Rwanda,2010,5.2612543
Rwanda,2013,5.5644345
Rwanda,2016,5.917746
Rwanda (rural),1984,3.8688233
Saint Lucia,1995,6.9706974
Saint Lucia,2015,41.36652
Samoa,2002,18.988558
Samoa,2008,19.985998
Samoa,2013,18.657047
Sao Tome and Principe,2000,7.421656
Sao Tome and Principe,2010,6.763244
Sao Tome and Principe,2017,9.9522295
Senegal,1991,4.5239677
Senegal,1994,4.388888
Senegal,2001,5.2977414
Senegal,2005,6.2875805
Senegal,2011,6.4904747
Senegal,2018,10.9266405
Senegal,2021,10.409077
Serbia,2012,27.1196
Serbia,2013,24.217045
Serbia,2014,24.340246
Serbia,2015,24.34981
Serbia,2016,25.433668
Serbia,2017,24.88985
Serbia,2018,28.162724
Serbia,2019,30.75634
Serbia,2020,31.845028
Serbia,2021,32.4196
Seychelles,1999,34.384796
Seychelles,2006,33.537857
Seychelles,2013,38.887352
Seychelles,2018,38.49428
Sierra Leone,2003,4.8913302
Sierra Leone,2011,5.914679
Sierra Leone,2018,6.869121
Slovakia,1992,21.72098
Slovakia,1996,24.042341
Slovakia,2004,25.10031
Slovakia,2005,28.033258
Slovakia,2006,30.789309
Slovakia,2007,32.259968
Slovakia,2008,34.92399
Slovakia,2009,36.839096
Slovakia,2010,37.5732
Slovakia,2011,39.479652
Slovakia,2012,35.685944
Slovakia,2013,36.55975
Slovakia,2014,34.931713
Slovakia,2015,35.347767
Slovakia,2016,35.96235
Slovakia,2017,36.727676
Slovakia,2018,39.186005
Slovakia,2019,39.492428
Slovakia,2020,38.883423
Slovakia,2021,38.340294
Slovenia,1987,59.544266
Slovenia,1993,37.399326
Slovenia,1997,40.888737
Slovenia,1999,41.12559
Slovenia,2004,52.15704
Slovenia,2005,53.7624
Slovenia,2006,55.890114
Slovenia,2007,58.678715
Slovenia,2008,59.30413
Slovenia,2009,61.62073
Slovenia,2010,61.151337
Slovenia,2011,60.387245
Slovenia,2012,58.373867
Slovenia,2013,58.83707
Slovenia,2014,59.801025
Slovenia,2015,59.649685
Slovenia,2016,61.520065
Slovenia,2017,62.175495
Slovenia,2018,65.81938
Slovenia,2019,66.45679
Slovenia,2020,69.87498
Slovenia,2021,74.99326
Solomon Islands,2005,6.4249744
Solomon Islands,2012,7.295209
South Africa,1993,17.949306
South Africa,2000,15.155702
South Africa,2005,23.810581
South Africa,2008,30.433939
South Africa,2010,32.26489
South Africa,2014,30.059313
South Asia (PIP),1990,4.48
South Asia (PIP),1991,4.52
South Asia (PIP),1992,4.62
South Asia (PIP),1993,4.66
South Asia (PIP),1994,4.78
South Asia (PIP),1995,4.86
South Asia (PIP),1996,4.98
South Asia (PIP),1997,5.05
South Asia (PIP),1998,5.1
South Asia (PIP),1999,5.15
South Asia (PIP),2000,5.2
South Asia (PIP),2001,5.2
South Asia (PIP),2002,5.25
South Asia (PIP),2003,5.4
South Asia (PIP),2004,5.55
South Asia (PIP),2005,5.7
South Asia (PIP),2006,5.8
South Asia (PIP),2007,5.95
South Asia (PIP),2008,6
South Asia (PIP),2009,6.1
South Asia (PIP),2010,6.4
South Asia (PIP),2011,6.8
South Asia (PIP),2012,7.1
South Asia (PIP),2013,7.3
South Asia (PIP),2014,7.45
South Asia (PIP),2015,7.65
South Asia (PIP),2016,7.75
South Asia (PIP),2017,8.4
South Asia (PIP),2018,9.05
South Asia (PIP),2019,9.2
South Asia (PIP),2020,8.85
South Asia (PIP),2021,8.95
South Asia (PIP),2022,9.35
South Asia (PIP),2023,9.65
South Asia (PIP),2024,10
South Korea,2006,61.369556
South Korea,2008,63.991226
South Korea,2010,65.05783
South Korea,2012,67.8551
South Korea,2014,71.364685
South Korea,2016,86.97159
South Korea,2017,90.126274
South Korea,2018,92.440834
South Korea,2019,94.869354
South Korea,2020,96.58546
South Korea,2021,103.401695
South Sudan,2009,9.385375
South Sudan,2016,4.245498
Spain,1980,37.061455
Spain,1985,36.42967
Spain,1990,45.898094
Spain,1993,54.1168
Spain,1994,53.692295
Spain,1995,53.398182
Spain,1996,55.168686
Spain,1997,55.304092
Spain,1998,58.85001
Spain,1999,64.76851
Spain,2000,67.89624
Spain,2003,66.41167
Spain,2004,68.46299
Spain,2005,69.99256
Spain,2006,71.08341
Spain,2007,85.0927
Spain,2008,86.38812
Spain,2009,88.12908
Spain,2010,83.246704
Spain,2011,80.878365
Spain,2012,77.08235
Spain,2013,76.07726
Spain,2014,75.37071
Spain,2015,77.79159
Spain,2016,80.943214
Spain,2017,80.4796
Spain,2018,80.6879
Spain,2019,83.72625
Spain,2020,85.76442
Spain,2021,86.82085
Sri Lanka,1985,7.451205
Sri Lanka,1990,7.5761766
Sri Lanka,1995,8.876166
Sri Lanka,2002,10.6934395
Sri Lanka,2006,12.415811
Sri Lanka,2009,11.998703
Sri Lanka,2012,13.930769
Sri Lanka,2016,16.055157
Sri Lanka,2019,16.4336
Sub-Saharan Africa (PIP),1990,6.8
Sub-Saharan Africa (PIP),1991,6.65
Sub-Saharan Africa (PIP),1992,6.55
Sub-Saharan Africa (PIP),1993,6.2
Sub-Saharan Africa (PIP),1994,6.2
Sub-Saharan Africa (PIP),1995,6.25
Sub-Saharan Africa (PIP),1996,6.35
Sub-Saharan Africa (PIP),1997,6.35
Sub-Saharan Africa (PIP),1998,6.3
Sub-Saharan Africa (PIP),1999,6.2
Sub-Saharan Africa (PIP),2000,6.15
Sub-Saharan Africa (PIP),2001,6.2
Sub-Saharan Africa (PIP),2002,6.2
Sub-Saharan Africa (PIP),2003,6.15
Sub-Saharan Africa (PIP),2004,6.35
Sub-Saharan Africa (PIP),2005,6.45
Sub-Saharan Africa (PIP),2006,6.7
Sub-Saharan Africa (PIP),2007,6.85
Sub-Saharan Africa (PIP),2008,7
Sub-Saharan Africa (PIP),2009,7.05
Sub-Saharan Africa (PIP),2010,7.25
Sub-Saharan Africa (PIP),2011,7.35
Sub-Saharan Africa (PIP),2012,7.45
Sub-Saharan Africa (PIP),2013,7.55
Sub-Saharan Africa (PIP),2014,7.7
Sub-Saharan Africa (PIP),2015,7.7
Sub-Saharan Africa (PIP),2016,7.7
Sub-Saharan Africa (PIP),2017,7.75
Sub-Saharan Africa (PIP),2018,7.8
Sub-Saharan Africa (PIP),2019,7.8
Sub-Saharan Africa (PIP),2020,7.6
Sub-Saharan Africa (PIP),2021,7.6
Sub-Saharan Africa (PIP),2022,7.65
Sub-Saharan Africa (PIP),2023,7.7
Sub-Saharan Africa (PIP),2024,7.8
Sudan,2009,8.468774
Sudan,2014,7.78698
Suriname,2022,30.639736
Suriname (urban),1999,28.914488
Sweden,1975,44.892517
Sweden,1981,45.97368
Sweden,1987,48.562504
Sweden,1992,59.094925
Sweden,1995,55.288204
Sweden,2000,64.8879
Sweden,2001,67.80405
Sweden,2002,69.29955
Sweden,2003,63.891483
Sweden,2004,65.7219
Sweden,2005,66.735016
Sweden,2006,70.3612
Sweden,2007,75.05828
Sweden,2008,77.40813
Sweden,2009,78.80283
Sweden,2010,80.941185
Sweden,2011,81.25571
Sweden,2012,83.31766
Sweden,2013,85.814735
Sweden,2014,87.86577
Sweden,2015,90.43188
Sweden,2016,91.30372
Sweden,2017,91.23875
Sweden,2018,92.85811
Sweden,2019,95.19741
Sweden,2020,96.873116
Sweden,2021,98.045006
Switzerland,1982,123.738235
Switzerland,1992,117.04937
Switzerland,2000,118.699905
Switzerland,2002,125.11292
Switzerland,2004,118.41525
Switzerland,2006,126.314705
Switzerland,2007,128.36168
Switzerland,2008,127.36774
Switzerland,2009,126.680984
Switzerland,2010,125.72489
Switzerland,2011,129.48999
Switzerland,2012,129.1144
Switzerland,2013,131.23318
Switzerland,2014,132.68332
Switzerland,2015,132.53148
Switzerland,2016,135.4625
Switzerland,2017,136.23955
Switzerland,2018,131.27943
Switzerland,2019,137.35811
Switzerland,2020,137.61266
Syria,1996,12.950688
Syria,2003,17.079311
Syria,2006,18.577274
Syria,2009,18.02731
Syria,2022,5.5290885
Taiwan,1981,28.313515
Taiwan,1986,36.946606
Taiwan,1991,62.2832
Taiwan,1995,74.0092
Taiwan,1997,77.69669
Taiwan,2000,82.26399
Taiwan,2005,83.17543
Taiwan,2007,80.36605
Taiwan,2010,74.470665
Taiwan,2013,74.57638
Taiwan,2016,78.45863
Taiwan,2017,80.01111
Taiwan,2018,80.550385
Taiwan,2019,83.09052
Taiwan,2020,85.908745
Taiwan,2021,85.254295
Tajikistan,1999,3.614678
Tajikistan,2003,5.5065417
Tajikistan,2004,7.628513
Tajikistan,2007,7.8949294
Tajikistan,2009,9.608176
Tajikistan,2015,11.476192
Tanzania,1991,3.7089472
Tanzania,2000,2.6644166
Tanzania,2007,4.8604302
Tanzania,2011,5.6152673
Tanzania,2018,5.988662
Thailand,1981,11.065082
Thailand,1988,11.1745405
Thailand,1990,12.98837
Thailand,1992,16.031221
Thailand,1994,15.739725
Thailand,1996,17.363842
Thailand,1998,17.856987
Thailand,1999,17.102861
Thailand,2000,16.7067
Thailand,2002,18.332603
Thailand,2004,20.524387
Thailand,2006,23.74697
Thailand,2007,23.249147
Thailand,2008,24.803154
Thailand,2009,25.226007
Thailand,2010,26.140957
Thailand,2011,25.451065
Thailand,2012,28.444187
Thailand,2013,28.536139
Thailand,2014,28.43681
Thailand,2015,29.027914
Thailand,2016,29.623905
Thailand,2017,29.760817
Thailand,2018,29.875153
Thailand,2019,29.175234
Thailand,2020,29.968443
Thailand,2021,30.265888
Togo,2006,5.1111965
Togo,2011,5.5289636
Togo,2015,5.515852
Togo,2018,8.948533
Togo,2021,7.817502
Tonga,2000,21.124737
Tonga,2009,19.916992
Tonga,2015,14.48633
Tonga,2021,18.650984
Trinidad and Tobago,1988,38.049698
Trinidad and Tobago,1992,25.440033
Tunisia,1985,13.085252
Tunisia,1990,14.241278
Tunisia,1995,14.885503
Tunisia,2000,17.119911
Tunisia,2005,18.50518
Tunisia,2010,21.592123
Tunisia,2015,24.296825
Tunisia,2021,24.711256
Turkey,1987,18.905506
Turkey,1994,19.783022
Turkey,2002,21.77577
Turkey,2003,20.825373
Turkey,2004,25.687937
Turkey,2005,26.733227
Turkey,2006,26.884584
Turkey,2007,28.727013
Turkey,2008,31.022589
Turkey,2009,31.566896
Turkey,2010,31.23399
Turkey,2011,35.577095
Turkey,2012,37.069397
Turkey,2013,37.823788
Turkey,2014,40.117252
Turkey,2015,39.353058
Turkey,2016,42.750347
Turkey,2017,44.973938
Turkey,2018,45.894516
Turkey,2019,47.36524
Turkey,2020,47.482666
Turkey,2021,50.495163
Turkmenistan,1998,6.4168105
Tuvalu,2010,15.3761425
Uganda,1989,5.0404425
Uganda,1992,4.0013585
Uganda,1996,4.1787224
Uganda,1999,4.020702
Uganda,2002,4.561655
Uganda,2005,5.182531
Uganda,2009,6.4538975
Uganda,2012,7.0738916
Uganda,2016,6.8566213
Uganda,2019,6.4376006
Ukraine,1992,12.043734
Ukraine,1993,11.953005
Ukraine,1995,13.716445
Ukraine,1996,11.054371
Ukraine,2002,11.470723
Ukraine,2003,12.829777
Ukraine,2004,14.226329
Ukraine,2005,17.184462
Ukraine,2006,18.334097
Ukraine,2007,17.04463
Ukraine,2008,19.37865
Ukraine,2009,17.748785
Ukraine,2010,18.76047
Ukraine,2011,19.108685
Ukraine,2012,20.26407
Ukraine,2013,21.060156
Ukraine,2014,20.256275
Ukraine,2015,18.452757
Ukraine,2016,18.433004
Ukraine,2017,20.736296
Ukraine,2018,21.713463
Ukraine,2019,24.283648
Ukraine,2020,22.899817
United Arab Emirates,2013,135.37778
United Arab Emirates,2018,125.70738
United Kingdom,1968,33.404587
United Kingdom,1969,34.04131
United Kingdom,1970,35.454273
United Kingdom,1971,35.748302
United Kingdom,1972,37.51073
United Kingdom,1973,40.82122
United Kingdom,1974,40.56043
United Kingdom,1975,38.383884
United Kingdom,1976,37.54534
United Kingdom,1977,36.306713
United Kingdom,1978,39.27897
United Kingdom,1979,40.974796
United Kingdom,1980,42.032394
United Kingdom,1981,42.52313
United Kingdom,1982,47.297222
United Kingdom,1983,45.25555
United Kingdom,1984,45.688534
United Kingdom,1985,48.651363
United Kingdom,1986,51.238194
United Kingdom,1987,56.33792
United Kingdom,1988,60.550014
United Kingdom,1989,60.650703
United Kingdom,1990,65.125244
United Kingdom,1991,66.407364
United Kingdom,1992,64.24792
United Kingdom,1993,62.546448
United Kingdom,1994,68.33212
United Kingdom,1995,69.344925
United Kingdom,1996,70.93758
United Kingdom,1997,73.43782
United Kingdom,1998,77.324036
United Kingdom,1999,78.68297
United Kingdom,2000,83.236694
United Kingdom,2001,87.270134
United Kingdom,2002,84.02476
United Kingdom,2003,85.73096
United Kingdom,2004,88.25198
United Kingdom,2005,90.07477
United Kingdom,2006,91.74406
United Kingdom,2007,93.235176
United Kingdom,2008,93.90844
United Kingdom,2009,92.97381
United Kingdom,2010,89.8662
United Kingdom,2011,87.78211
United Kingdom,2012,89.47049
United Kingdom,2013,88.90514
United Kingdom,2014,91.30507
United Kingdom,2015,92.29773
United Kingdom,2016,92.90844
United Kingdom,2017,92.47616
United Kingdom,2018,95.324356
United Kingdom,2019,94.952675
United Kingdom,2020,95.7696
United Kingdom,2021,94.24949
United States,1963,67.54615
United States,1964,71.86181
United States,1965,75.23233
United States,1966,76.31692
United States,1967,80.1274
United States,1968,81.84641
United States,1969,84.08419
United States,1970,85.4094
United States,1971,87.8515
United States,1972,93.498695
United States,1973,94.526306
United States,1974,90.74961
United States,1975,91.04097
United States,1976,93.98778
United States,1977,92.785866
United States,1978,93.39665
United States,1979,96.49479
United States,1980,91.91679
United States,1981,91.177765
United States,1982,93.70991
United States,1983,98.040955
United States,1984,102.07392
United States,1985,104.010086
United States,1986,106.91561
United States,1987,109.59348
United States,1988,111.79853
United States,1989,112.92403
United States,1990,110.28397
United States,1991,109.142815
United States,1992,110.20619
United States,1993,110.975975
United States,1994,112.37964
United States,1995,113.77817
United States,1996,115.17122
United States,1997,118.33379
United States,1998,121.05001
United States,1999,123.81525
United States,2000,124.13847
United States,2001,123.77775
United States,2002,125.94727
United States,2003,129.73518
United States,2004,126.18462
United States,2005,129.66792
United States,2006,131.31717
United States,2007,132.75313
United States,2008,128.41188
United States,2009,129.82951
United States,2010,129.85457
United States,2011,131.35667
United States,2012,131.30252
United States,2013,130.95815
United States,2014,135.14381
United States,2015,138.40332
United States,2016,143.76901
United States,2017,147.13303
United States,2018,152.3701
United States,2019,163.48279
United States,2020,165.26044
United States,2021,163.48528
United States,2022,156.41948
Uruguay,2006,38.678715
Uruguay,2007,41.989765
Uruguay,2008,45.67424
Uruguay,2009,48.815395
Uruguay,2010,49.003727
Uruguay,2011,51.78742
Uruguay,2012,51.79955
Uruguay,2013,53.049263
Uruguay,2014,55.731308
Uruguay,2015,56.38568
Uruguay,2016,54.982883
Uruguay,2017,56.820152
Uruguay,2018,56.197166
Uruguay,2019,55.229515
Uruguay,2020,51.564365
Uruguay,2021,51.315647
Uruguay,2022,53.948948
Uruguay (urban),1981,38.975113
Uruguay (urban),1989,41.069176
Uruguay (urban),1992,43.896317
Uruguay (urban),1995,45.17105
Uruguay (urban),1996,44.144352
Uruguay (urban),1997,44.24373
Uruguay (urban),1998,48.0021
Uruguay (urban),2000,46.507988
Uruguay (urban),2001,47.953194
Uruguay (urban),2002,42.73299
Uruguay (urban),2003,35.360016
Uruguay (urban),2004,35.797592
Uruguay (urban),2005,36.99003
Uzbekistan,1998,4.805987
Uzbekistan,2000,2.7923882
Uzbekistan,2002,2.9050717
Uzbekistan,2003,2.858203
Uzbekistan,2022,24.087793
Vanuatu,2010,9.585532
Vanuatu,2019,9.362888
Venezuela,1981,34.83713
Venezuela,1987,32.410156
Venezuela,1989,25.492153
Venezuela,1992,23.435095
Venezuela,1995,19.496866
Venezuela,1998,21.08449
Venezuela,1999,18.90227
Venezuela,2001,20.013277
Venezuela,2002,16.71952
Venezuela,2003,14.148782
Venezuela,2004,15.862229
Venezuela,2005,19.087372
Venezuela,2006,23.086597
Vietnam,1992,5.553329
Vietnam,1997,7.177404
Vietnam,2002,7.275254
Vietnam,2004,8.516796
Vietnam,2006,9.193583
Vietnam,2008,9.938828
Vietnam,2010,17.721642
Vietnam,2012,17.838165
Vietnam,2014,18.570715
Vietnam,2016,21.568453
Vietnam,2018,24.314356
Vietnam,2020,27.2805
Vietnam,2022,25.06949
Western and Central Africa (PIP),1990,5.9
Western and Central Africa (PIP),1991,5.75
Western and Central Africa (PIP),1992,5.75
Western and Central Africa (PIP),1993,5.6
Western and Central Africa (PIP),1994,5.55
Western and Central Africa (PIP),1995,5.55
Western and Central Africa (PIP),1996,5.6
Western and Central Africa (PIP),1997,5.6
Western and Central Africa (PIP),1998,5.6
Western and Central Africa (PIP),1999,5.6
Western and Central Africa (PIP),2000,5.55
Western and Central Africa (PIP),2001,5.65
Western and Central Africa (PIP),2002,5.8
Western and Central Africa (PIP),2003,5.85
Western and Central Africa (PIP),2004,6
Western and Central Africa (PIP),2005,6.1
Western and Central Africa (PIP),2006,6.25
Western and Central Africa (PIP),2007,6.3
Western and Central Africa (PIP),2008,6.5
Western and Central Africa (PIP),2009,6.6
Western and Central Africa (PIP),2010,6.8
Western and Central Africa (PIP),2011,6.85
Western and Central Africa (PIP),2012,7.05
Western and Central Africa (PIP),2013,7.25
Western and Central Africa (PIP),2014,7.5
Western and Central Africa (PIP),2015,7.5
Western and Central Africa (PIP),2016,7.6
Western and Central Africa (PIP),2017,7.75
Western and Central Africa (PIP),2018,7.9
Western and Central Africa (PIP),2019,8
Western and Central Africa (PIP),2020,7.8
Western and Central Africa (PIP),2021,7.8
Western and Central Africa (PIP),2022,7.85
Western and Central Africa (PIP),2023,7.9
Western and Central Africa (PIP),2024,8
World,1990,33.3
World,1991,33.4
World,1992,33.2
World,1993,32.9
World,1994,33.3
World,1995,33.9
World,1996,34.2
World,1997,34.4
World,1998,34.9
World,1999,35.1
World,2000,36
World,2001,36.1
World,2002,36.6
World,2003,37.1
World,2004,37.8
World,2005,38.3
World,2006,39.1
World,2007,40.5
World,2008,40.5
World,2009,40.8
World,2010,41.2
World,2011,40.9
World,2012,41
World,2013,41.2
World,2014,41.3
World,2015,42
World,2016,43
World,2017,43.5
World,2018,44.3
World,2019,45.3
World,2020,45.3
World,2021,46.8
World,2022,47.3
World,2023,47.8
World,2024,48.4
World (excluding China),1990,
World (excluding China),1991,
World (excluding China),1992,
World (excluding China),1993,
World (excluding China),1994,
World (excluding China),1995,
World (excluding China),1996,
World (excluding China),1997,
World (excluding China),1998,
World (excluding China),1999,
World (excluding China),2000,
World (excluding China),2001,
World (excluding China),2002,
World (excluding China),2003,
World (excluding China),2004,
World (excluding China),2005,
World (excluding China),2006,
World (excluding China),2007,
World (excluding China),2008,
World (excluding China),2009,
World (excluding China),2010,
World (excluding China),2011,
World (excluding China),2012,
World (excluding China),2013,
World (excluding China),2014,
World (excluding China),2015,
World (excluding China),2016,
World (excluding China),2017,
World (excluding China),2018,
World (excluding China),2019,
World (excluding China),2020,
World (excluding China),2021,
World (excluding China),2022,
World (excluding China),2023,
World (excluding China),2024,
World (excluding India),1990,
World (excluding India),1991,
World (excluding India),1992,
World (excluding India),1993,
World (excluding India),1994,
World (excluding India),1995,
World (excluding India),1996,
World (excluding India),1997,
World (excluding India),1998,
World (excluding India),1999,
World (excluding India),2000,
World (excluding India),2001,
World (excluding India),2002,
World (excluding India),2003,
World (excluding India),2004,
World (excluding India),2005,
World (excluding India),2006,
World (excluding India),2007,
World (excluding India),2008,
World (excluding India),2009,
World (excluding India),2010,
World (excluding India),2011,
World (excluding India),2012,
World (excluding India),2013,
World (excluding India),2014,
World (excluding India),2015,
World (excluding India),2016,
World (excluding India),2017,
World (excluding India),2018,
World (excluding India),2019,
World (excluding India),2020,
World (excluding India),2021,
World (excluding India),2022,
World (excluding India),2023,
World (excluding India),2024,
Yemen,1998,11.306783
Yemen,2005,8.839294
Yemen,2014,8.233037
Zambia,1991,7.3279586
Zambia,1993,6.110748
Zambia,1996,7.2774343
Zambia,1998,7.099215
Zambia,2002,4.9354653
Zambia,2004,5.9958005
Zambia,2006,5.631337
Zambia,2010,5.662489
Zambia,2015,6.3408227
Zambia,2022,5.5207067
Zimbabwe,2011,10.548156
Zimbabwe,2017,8.813227
Zimbabwe,2019,9.015284